Date,Open Price,High Price,Low Price,Close Price,WAP,No.of Shares,No. of Trades,Total Turnover (Rs.),Deliverable Quantity,% Deli. Qty to Traded Qty,Spread High-Low,Spread Close-Open
2018-07-31,3210,3303.45,3190.05,3293.8,3265.725379,33883,2563,110652573,11830,34.91,113.4,83.8
2018-07-30,3181.6,3227.05,3180,3205,3200.875142,16707,1485,53477021,4757,28.47,47.05,23.4
2018-07-27,3157.85,3230,3136.3,3193.8,3197.872751,44181,3350,141285216,10820,24.49,93.7,35.95
2018-07-26,3052.1,3187.65,3052.1,3137.7,3121.66264,66721,6350,208280453,14685,22.01,135.55,85.6
2018-07-25,3141.85,3199,3071.1,3111.95,3131.932761,72265,6086,226329121,14414,19.95,127.9,-29.9
2018-07-24,3185.6,3208,3037.1,3101.45,3125.607389,115799,7913,361942210,39044,33.72,170.9,-84.15
2018-07-23,3385.1,3385.1,3094,3163.9,3185.098191,112067,8915,356944399,26604,23.74,291.1,-221.2
2018-07-20,3462,3489.75,3323,3373.15,3386.703753,48095,3435,162883517,14610,30.38,166.75,-88.85
2018-07-19,3510,3510,3446.05,3458.9,3476.422062,9129,968,31736257,3630,39.76,63.95,-51.1
2018-07-18,3505,3514.8,3476.7,3501.5,3496.565759,9626,866,33657942,3018,31.35,38.1,-3.5
2018-07-17,3415,3510,3400,3479.55,3472.458734,30061,3518,104385582,11025,36.68,110,64.55
2018-07-16,3470,3471,3415,3423.85,3430.500863,9851,1100,33793864,3949,40.09,56,-46.15
2018-07-13,3505,3520,3439,3460.6,3468.942752,18219,1251,63200668,6227,34.18,81,-44.4
2018-07-12,3551,3576.95,3485,3498.05,3540.605271,76982,2959,272562875,10882,14.14,91.95,-52.95
2018-07-11,3552.05,3579.4,3526.15,3540.7,3542.256731,33615,2025,119072960,11726,34.88,53.25,-11.35
2018-07-10,3629.25,3695,3570.5,3592.15,3597.199321,28266,2366,101678436,11205,39.64,124.5,-37.1
2018-07-09,3690,3690,3608.3,3622.2,3635.429442,16249,1254,59072093,6170,37.97,81.7,-67.8
2018-07-06,3518,3665,3489.65,3636.7,3623.324731,43205,3745,156545745,14828,34.32,175.35,118.7
2018-07-05,3484.65,3517.2,3458.95,3502.7,3495.256527,13176,1752,46053500,4905,37.23,58.25,18.05
2018-07-04,3450,3480,3417.4,3468.45,3453.082628,12163,1060,41999844,2664,21.9,62.6,18.45
2018-07-03,3450,3483.8,3444,3453.5,3463.925651,15871,1241,54975964,3456,21.78,39.8,3.5
2018-07-02,3819,3819,3394.8,3413.6,3464.623499,22478,1866,77877807,5919,26.33,424.2,-405.4
2018-06-29,3528.6,3531,3460,3472.05,3491.975913,11002,1365,38418719,4775,43.4,71,-56.55
2018-06-28,3522.2,3545.3,3476.6,3513.85,3507.894747,15135,1745,53091987,6327,41.8,68.7,-8.35
2018-06-27,3609,3609,3522.05,3538.05,3544.682764,34230,1984,121334491,25597,74.78,86.95,-70.95
2018-06-26,3573,3577.1,3536.45,3567.6,3556.57797,12120,1516,43105725,3925,32.38,40.65,-5.4
2018-06-25,3640.1,3640.1,3571.05,3585.15,3588.944878,14731,1656,52868747,5190,35.23,69.05,-54.95
2018-06-22,3620,3650.05,3602.15,3640.1,3628.845605,13174,1467,47806412,4502,34.17,47.9,20.1
2018-06-21,3660,3673.7,3621,3631.55,3647.575417,8274,557,30180039,1614,19.51,52.7,-28.45
2018-06-20,3655,3675.6,3643.9,3658.05,3657.294064,8726,568,31913548,1859,21.3,31.7,3.05
2018-06-19,3671,3671,3625.5,3655.65,3645.309184,9331,632,34014380,2052,21.99,45.5,-15.35
2018-06-18,3676.4,3698.2,3655.05,3668.7,3674.164523,12442,776,45713955,2547,20.47,43.15,-7.7
2018-06-15,3720.6,3720.6,3655,3689.15,3678.528003,19748,686,72643571,11234,56.89,65.6,-31.45
2018-06-14,3694.75,3706.75,3632.95,3684.1,3688.937792,15641,528,57698676,10719,68.53,73.8,-10.65
2018-06-13,3672.05,3715,3672.05,3698.9,3697.37291,21174,689,78288174,15916,75.17,42.95,26.85
2018-06-12,3612.05,3715,3602.55,3688.75,3656.47124,23661,1571,86515766,11606,49.05,112.45,76.7
2018-06-11,3676,3677.4,3602.5,3612.55,3623.708185,9554,589,34620908,3723,38.97,74.9,-63.45
2018-06-08,3650,3655,3608,3634.4,3631.743103,8844,706,32119136,3512,39.71,47,-15.6
2018-06-07,3660,3680,3629.25,3657.05,3652.817974,13531,1338,49426280,4710,34.81,50.75,-2.95
2018-06-06,3622.75,3652,3599.1,3638.9,3620.700233,174789,1038,632858573,166181,95.08,52.9,16.15
2018-06-05,3612,3629,3569,3608.65,3583.063371,425354,1123,1524070337,418119,98.3,60,-3.35
2018-06-04,3641,3678.05,3599.75,3612,3627.666778,18012,1633,65341534,4318,23.97,78.3,-29
2018-06-01,3547,3633.25,3547,3623.75,3608.90159,21258,1876,76718030,2604,12.25,86.25,76.75
2018-05-31,3575,3620.9,3500,3547.25,3550.875645,24213,1790,85977352,10332,42.67,120.9,-27.75
2018-05-30,3613.1,3624,3530.1,3606.85,3584.844746,9346,965,33503959,2102,22.49,93.9,-6.25
2018-05-29,3660,3660,3565.6,3612.35,3599.785157,9095,782,32740046,3277,36.03,94.4,-47.65
2018-05-28,3556.1,3621.85,3538.45,3596.85,3586.723517,8883,1007,31860865,2022,22.76,83.4,40.75
2018-05-25,3473.15,3573.3,3464.7,3550.7,3545.19691,22914,962,81234642,14600,63.72,108.6,77.55
2018-05-24,3487.6,3500.8,3451.15,3486.25,3472.740228,19444,905,67523961,12350,63.52,49.65,-1.35
2018-05-23,3480,3486.95,3453,3482.15,3477.286627,6102,833,21218403,2850,46.71,33.95,2.15
2018-05-22,3465,3520,3410,3509.3,3498.880301,19407,1209,67902770,7042,36.29,110,44.3
2018-05-21,3570,3573.3,3470,3495,3499.929189,25208,1683,88226215,14243,56.5,103.3,-75
2018-05-18,3549.75,3567.45,3538.35,3561.75,3556.431257,9361,1728,33291753,5132,54.82,29.1,12
2018-05-17,3597,3686,3535.9,3554.45,3558.396906,13187,1303,46924580,4915,37.27,150.1,-42.55
2018-05-16,3617.1,3635,3500,3576.4,3554.390379,18938,2000,67313045,4601,24.3,135,-40.7
2018-05-15,3646.35,3661.75,3635,3653.25,3652.141313,60971,1394,222674708,50192,82.32,26.75,6.9
2018-05-14,3645,3657.5,3620.6,3649.35,3647.816026,110222,1142,402069578,103647,94.03,36.9,4.35
2018-05-11,3630.3,3643.5,3592.95,3616.15,3610.66115,61331,868,221445459,55239,90.07,50.55,-14.15
2018-05-10,3655.15,3664,3625.45,3643.25,3644.572537,18563,1604,67654200,6323,34.06,38.55,-11.9
2018-05-09,3670,3685.55,3638.05,3657.35,3659.329302,121560,3145,444828070,105666,86.92,47.5,-12.65
2018-05-08,3652.85,3674.4,3645,3656.65,3658.104174,10684,821,39083185,5103,47.76,29.4,3.8
2018-05-07,3650,3675,3625.85,3655.05,3668.329858,70315,1041,257938614,63661,90.54,49.15,5.05
2018-05-04,3657,3669.95,3648.05,3659.8,3659.800876,58004,665,212283090,55337,95.4,21.9,2.8
2018-05-03,3670,3683,3640,3657.1,3663.701885,13478,1530,49379374,4792,35.55,43,-12.9
2018-05-02,3769,3775,3642.1,3662.3,3707.669335,41468,4439,153749632,10985,26.49,132.9,-106.7
2018-04-30,3728.7,3748.45,3717.5,3733.7,3731.604856,8731,614,32580642,4838,55.41,30.95,5
2018-04-27,3786.6,3786.6,3703.5,3715,3744.756821,36286,996,135882246,27725,76.41,83.1,-71.6
2018-04-26,3718.15,3785,3660,3756.9,3710.33234,11410,1515,42334892,4508,39.51,125,38.75
2018-04-25,3755,3755,3703.05,3717.9,3719.379531,60356,1039,224486871,51947,86.07,51.95,-37.1
2018-04-24,3770,3770,3710,3719.6,3721.700145,5506,524,20491681,2077,37.72,60,-50.4
2018-04-23,3744.8,3744.8,3695,3717.75,3712.493803,6132,617,22765012,2277,37.13,49.8,-27.05
2018-04-20,3733.9,3778.6,3695,3744.8,3732.278502,8359,659,31198116,4132,49.43,83.6,10.9
2018-04-19,3755.1,3766.65,3712.75,3729.25,3738.08252,6144,541,22966779,1078,17.55,53.9,-25.85
2018-04-18,3786.65,3862,3730,3741.95,3755.00168,7141,727,26814467,2479,34.72,132,-44.7
2018-04-17,3820.95,3820.95,3760,3770,3782.39824,4319,432,16336178,1054,24.4,60.95,-50.95
2018-04-16,3750,3809,3721.6,3798.05,3790.110317,13860,969,52530929,3612,26.06,87.4,48.05
2018-04-13,3766,3769.65,3700.05,3729.5,3711.830659,38266,1016,142036912,33654,87.95,69.6,-36.5
2018-04-12,3758.6,3782.75,3731.1,3745.7,3752.975668,5877,704,22056238,1724,29.33,51.65,-12.9
2018-04-11,3750,3760,3686,3728.8,3702.739787,78843,709,291935113,71843,91.12,74,-21.2
2018-04-10,3800,3813,3704.05,3720.8,3733.362434,31065,1478,115976904,23947,77.09,108.95,-79.2
2018-04-09,3789,3804,3760.35,3788.3,3793.11492,6622,729,25118007,2206,33.31,43.65,-0.7
2018-04-06,3800,3800,3750.6,3782.4,3774.860969,11947,872,45098264,4433,37.11,49.4,-17.6
2018-04-05,3699,3800,3696,3784.15,3748.280896,34390,4341,128903380,10354,30.11,104,85.15
2018-04-04,3665,3693,3636.35,3669.95,3671.556936,28734,1761,105498517,16619,57.84,56.65,4.95
2018-04-03,3654,3684.6,3624.95,3640.3,3641.089057,89392,2025,325484233,70209,78.54,59.65,-13.7
2018-04-02,3510,3652,3510,3640.65,3591.415329,16139,1537,57961852,2576,15.96,142,130.65
2018-03-28,3450,3575,3440.05,3545.5,3511.037667,19354,1709,67952623,4186,21.63,134.95,95.5
2018-03-27,3528.6,3528.6,3440,3465.85,3463.281296,28774,1657,99652456,19250,66.9,88.6,-62.75
2018-03-26,3415,3491.9,3366.5,3481,3424.461726,16016,1556,54846179,6165,38.49,125.4,66
2018-03-23,3461,3461,3353.75,3414.65,3402.508175,147091,1965,500478330,133908,91.04,107.25,-46.35
2018-03-22,3472.35,3486.35,3440,3454.85,3459.802973,10227,1160,35383405,3151,30.81,46.35,-17.5
2018-03-21,3530,3530,3460,3469.35,3489.78971,72690,2697,253672814,57956,79.73,70,-60.65
2018-03-20,3510,3594,3500,3513.25,3513.899683,5682,787,19965978,2290,40.3,94,3.25
2018-03-19,3555,3555.7,3438.85,3512.4,3508.923444,15936,1276,55918204,6363,39.93,116.85,-42.6
2018-03-16,3643.5,3652.8,3529.35,3546.05,3587.423613,13052,1853,46823053,5818,44.58,123.45,-97.45
2018-03-15,3628.1,3686.7,3628.1,3643.2,3655.401983,9784,1041,35764453,2746,28.07,58.6,15.1
2018-03-14,3688,3688,3625.2,3635.45,3644.792248,9030,878,32912474,2877,31.86,62.8,-52.55
2018-03-13,3690,3728,3682,3701.3,3700.080863,9312,1039,34455153,2327,24.99,46,11.3
2018-03-12,3600,3709.8,3600,3685.8,3650.956149,14709,1270,53701914,5408,36.77,109.8,85.8
2018-03-09,3600,3665.45,3581.05,3587,3625.296474,16875,1471,61176878,3555,21.07,84.4,-13
2018-03-08,3562.45,3597.3,3543.2,3585.65,3568.27649,6427,806,22933313,3613,56.22,54.1,23.2
2018-03-07,3555.05,3571,3515.75,3562.1,3545.942398,15937,1838,56511684,10271,64.45,55.25,7.05
2018-03-06,3580,3594.75,3538.15,3569.9,3574.761611,15869,905,56727892,9123,57.49,56.6,-10.1
2018-03-05,3599.9,3599.9,3536.4,3557.6,3555.657908,40492,1977,143975700,27259,67.32,63.5,-42.3
2018-03-01,3620,3630,3566.1,3579.45,3578.40073,7399,597,26476587,3498,47.28,63.9,-40.55
2018-02-28,3553,3615.9,3539.3,3600.55,3596.007139,11907,1177,42817657,4715,39.6,76.6,47.55
2018-02-27,3586,3600,3545.7,3587.95,3576.39383,7780,832,27824344,2870,36.89,54.3,1.95
2018-02-26,3509.25,3549.95,3509.25,3540.35,3538.573458,14498,961,51302238,8295,57.21,40.7,31.1
2018-02-23,3450,3505.6,3450,3498.65,3488.753663,8805,715,30718476,2931,33.29,55.6,48.65
2018-02-22,3508.9,3508.9,3463.2,3482.35,3480.927592,9405,789,32738124,4507,47.92,45.7,-26.55
2018-02-21,3498.6,3508.05,3460.6,3490.4,3486.117374,12507,913,43600870,8470,67.72,47.45,-8.2
2018-02-20,3480.45,3516.65,3445.35,3483.9,3491.851693,31846,1721,111201509,21689,68.11,71.3,3.45
2018-02-19,3500,3514.4,3441.75,3460.15,3473.619924,9235,969,32078880,3332,36.08,72.65,-39.85
2018-02-16,3533.05,3557.85,3480,3493.1,3516.859299,10270,982,36118145,4370,42.55,77.85,-39.95
2018-02-15,3580,3580,3522,3533.15,3548.06069,11221,957,39812789,4378,39.02,58,-46.85
2018-02-14,3621,3626.9,3569.55,3599.85,3599.134163,10681,947,38442352,3544,33.18,57.35,-21.15
2018-02-12,3530.1,3658.45,3530.1,3619.35,3603.349757,17475,2619,62968537,8822,50.48,128.35,89.25
2018-02-09,3546,3577,3533,3546.05,3553.43548,9532,1949,33871347,4518,47.4,44,0.05
2018-02-08,3586.6,3615.7,3558.4,3585.25,3592.006179,15859,2094,56965626,7393,46.62,57.3,-1.35
2018-02-07,3606,3799.9,3546,3564.3,3579.724419,21246,1955,76054825,7141,33.61,253.9,-41.7
2018-02-06,3598,3598,3475,3542.65,3528.356522,21850,3335,77094590,5499,25.17,123,-55.35
2018-02-05,3624,3690,3388,3634.05,3590.49576,29012,3481,104167463,11400,39.29,302,10.05
2018-02-02,3734.4,3753.5,3615.05,3623.65,3680.306929,55951,4477,205916853,39789,71.11,138.45,-110.75
2018-02-01,3720,3743.95,3694.85,3734.4,3725.758037,22458,3270,83673074,8830,39.32,49.1,14.4
2018-01-31,3686.05,3745.5,3685.55,3691.6,3710.121493,22314,3471,82787651,7332,32.86,59.95,5.55
2018-01-30,3660,3697,3655,3688.5,3675.4261,22084,3290,81168110,8363,37.87,42,28.5
2018-01-29,3550.3,3654,3523.95,3640,3602.424624,20736,4218,74699877,10358,49.95,130.05,89.7
2018-01-25,3641.15,3656.2,3550,3569.6,3587.583545,19265,2589,69114797,7792,40.45,106.2,-71.55
2018-01-24,3606,3646.35,3600.05,3640.5,3627.486232,11367,1455,41233636,3123,27.47,46.3,34.5
2018-01-23,3585.1,3632.5,3585.1,3623.1,3622.125515,12389,1197,44874513,4253,34.33,47.4,38
2018-01-22,3603.2,3620,3589.9,3602.8,3605.007325,8191,641,29528615,2826,34.5,30.1,-0.4
2018-01-19,3592.2,3613,3555.05,3590.75,3577.672456,9327,1053,33368951,3277,35.13,57.95,-1.45
2018-01-18,3575.05,3642,3575.05,3592.2,3610.442979,36171,1045,130593333,25256,69.82,66.95,17.15
2018-01-17,3618.95,3618.95,3530,3566.05,3537.960205,225307,2539,797127200,212301,94.23,88.95,-52.9
2018-01-16,3630,3665.35,3586.55,3594.85,3612.601305,10113,777,36534237,4223,41.76,78.8,-35.15
2018-01-15,3695,3700,3611.05,3627.75,3635.94206,141854,1996,515772925,121038,85.33,88.95,-67.25
2018-01-12,3722.55,3727.25,3653.05,3685.8,3689.600579,11046,882,40755328,3665,33.18,74.2,-36.75
2018-01-11,3775,3775,3700.55,3706,3714.045784,16010,1108,59461873,7952,49.67,74.45,-69
2018-01-10,3750,3753.25,3718.25,3732.2,3729.851736,63380,1188,236398003,52870,83.42,35,-17.8
2018-01-09,3790.35,3802.9,3742.9,3751.85,3763.809359,11561,671,43513400,4994,43.2,60,-38.5
2018-01-08,3740.55,3800,3740.55,3790.35,3778.830757,9767,687,36907840,3384,34.65,59.45,49.8
2018-01-05,3740,3765.9,3726.1,3739.3,3738.213157,9242,677,34548566,3051,33.01,39.8,-0.7
2018-01-04,3755,3755,3720,3738.5,3731.604332,14128,1064,52720106,6860,48.56,35,-16.5
2018-01-03,3743,3768.85,3736.05,3751.45,3746.129659,25328,660,94881972,19530,77.11,32.8,8.45
2018-01-02,3780.5,3783.45,3723.05,3747.45,3751.008303,17222,1312,64599865,4947,28.72,60.4,-33.05
2018-01-01,3790.15,3806.85,3755.3,3768.8,3770.676585,11023,663,41564168,3889,35.28,51.55,-21.35
2017-12-29,3717,3807.3,3717,3786.3,3766.12013,14809,1184,55772473,5905,39.87,90.3,69.3
2017-12-28,3760,3788,3656.85,3713.5,3736.960279,28851,1542,107815041,12740,44.16,131.15,-46.5
2017-12-27,3808,3833.1,3756.25,3779.35,3789.550281,6762,694,25624939,2074,30.67,76.85,-28.65
2017-12-26,3787,3830,3746.6,3804.65,3783.833564,10851,922,41058378,2512,23.15,83.4,17.65
2017-12-22,3809.05,3833.95,3772.2,3785.95,3795.445852,17526,1151,66518984,3338,19.05,61.75,-23.1
2017-12-21,3790,3820,3765.45,3809,3798.87466,23863,2326,90652546,9259,38.8,54.55,19
2017-12-20,3703.1,3792,3700,3740.6,3766.754244,106215,2639,400085802,73259,68.97,92,37.5
2017-12-19,3530,3704.75,3530,3696.8,3634.216554,62414,2668,226825992,30751,49.27,174.75,166.8
2017-12-18,3500,3549,3438,3530.85,3499.802527,11794,1344,41276671,3301,27.99,111,30.85
2017-12-15,3478,3513.05,3469.15,3502,3489.524717,9710,1363,33883285,4321,44.5,43.9,24
2017-12-14,3423,3467.9,3418.85,3454.45,3441.432882,10705,725,36840539,4101,38.31,49.05,31.45
2017-12-13,3442,3487.75,3410,3421.85,3447.085859,12474,1170,42998949,2924,23.44,77.75,-20.15
2017-12-12,3504,3530.5,3434,3444.95,3470.759322,15045,2658,52217574,5757,38.27,96.5,-59.05
2017-12-11,3519,3547.2,3502,3514.55,3515.406678,8176,775,28741965,3035,37.12,45.2,-4.45
2017-12-08,3556.45,3564.6,3502,3513.05,3514.366622,123825,2063,435166447,109205,88.19,62.6,-43.4
2017-12-07,3502.6,3569,3502.6,3555.4,3548.592394,7652,661,27153829,2797,36.55,66.4,52.8
2017-12-06,3510,3519,3473.7,3500.35,3494.4105,16514,1764,57706695,5617,34.01,45.3,-9.65
2017-12-05,3580.1,3588.95,3513.05,3522.15,3533.953611,15909,2118,56221668,6096,38.32,75.9,-57.95
2017-12-04,3614.4,3626.85,3596.35,3605.6,3611.28898,7831,806,28280004,2713,34.64,30.5,-8.8
2017-12-01,3642,3680,3571,3606.95,3627.217285,17148,1444,62199522,11455,66.8,109,-35.05
2017-11-30,3650,3677.45,3636,3642.3,3651.099381,5011,470,18295659,1427,28.48,41.45,-7.7
2017-11-29,3665.55,3692.5,3647,3656.85,3671.178236,7563,833,27765121,3497,46.24,45.5,-8.7
2017-11-28,3640.1,3679.9,3640.1,3673.85,3669.671346,7266,608,26663832,3531,48.6,39.8,33.75
2017-11-27,3656,3670.1,3607.25,3654.7,3648.807869,13241,857,48313865,3064,23.14,62.85,-1.3
2017-11-24,3679.2,3694.9,3645.2,3654.65,3658.507593,35692,716,130579453,30807,86.31,49.7,-24.55
2017-11-23,3666.65,3693,3645.2,3679.1,3676.644225,6996,458,25721803,2286,32.68,47.8,12.45
2017-11-22,3699.9,3700,3644.5,3661.85,3672.849515,11649,1339,42785024,4068,34.92,55.5,-38.05
2017-11-21,3665,3692.95,3664.9,3680.5,3682.051686,5901,581,21727787,2032,34.43,28.05,15.5
2017-11-20,3605.5,3685.8,3605.5,3658.5,3653.97051,10173,1494,37171842,4162,40.91,80.3,53
2017-11-17,3666,3694.45,3625,3634.6,3654.40702,10798,1177,39460287,4081,37.79,69.45,-31.4
2017-11-16,3670,3686.75,3636.85,3661.6,3665.73337,10884,794,39897842,3788,34.8,49.9,-8.4
2017-11-15,3640,3709.95,3640,3675.5,3676.491877,17173,1512,63136395,6926,40.33,69.95,35.5
2017-11-14,3555.1,3660,3555.1,3653.65,3635.863132,12428,1042,45186507,2141,17.23,104.9,98.55
2017-11-13,3610,3627.75,3570.1,3583.5,3590.759391,10515,1924,37756835,5314,50.54,57.65,-26.5
2017-11-10,3591.15,3635,3555,3606.4,3591.557112,10278,1026,36914024,3338,32.48,80,15.25
2017-11-09,3636,3654.95,3592,3603.95,3616.958607,13408,1296,48496181,3203,23.89,62.95,-32.05
2017-11-08,3681.1,3715,3621.5,3632,3655.840628,11332,1147,41427986,4164,36.75,93.5,-49.1
2017-11-07,3692,3727,3677.05,3681.7,3693.573965,9856,793,36403865,2761,28.01,49.95,-10.3
2017-11-06,3692,3713.85,3662.05,3691.4,3695.441293,9871,1193,36477701,4370,44.27,51.8,-0.6
2017-11-03,3825,3825,3682.5,3690.8,3710.351991,15543,1532,57670001,5384,34.64,142.5,-134.2
2017-11-02,3745.05,3803.05,3710.75,3733.05,3760.899366,21285,2118,80050743,6449,30.3,92.3,-12
2017-11-01,3895,3895,3801.5,3816.45,3853.834978,24724,1923,95282216,6156,24.9,93.5,-78.55
2017-10-31,3849,3868.95,3822.5,3854.75,3847.984013,29398,935,113123034,23010,78.27,46.45,5.75
2017-10-30,3826,3841,3810.55,3830.8,3829.661809,32115,822,122989589,25885,80.6,30.45,4.8
2017-10-27,3725.05,3829.95,3725.05,3797.05,3819.804763,51645,1543,197273817,35886,69.49,104.9,72
2017-10-26,3772,3788.9,3740,3762.35,3771.084443,9012,840,33985013,2699,29.95,48.9,-9.65
2017-10-25,3789.9,3792.9,3724.75,3769.3,3761.502195,9797,843,36851437,1847,18.85,68.15,-20.6
2017-10-24,3751,3802.95,3743.65,3760.05,3779.560085,4710,499,17801728,1410,29.94,59.3,9.05
2017-10-23,3778.9,3815,3770.65,3790.4,3794.740117,24234,1834,91961732,7309,30.16,44.35,11.5
2017-10-19,3755,3755.25,3724.55,3738.15,3743.987122,2019,234,7559110,1072,53.1,30.7,-16.85
2017-10-18,3799.9,3810.2,3726.95,3747.8,3760.701482,8770,1105,32981352,2262,25.79,83.25,-52.1
2017-10-17,3783,3829,3763.55,3789.35,3799.713969,14453,1413,54917266,4026,27.86,65.45,6.35
2017-10-16,3789.9,3804.4,3762.4,3773.75,3786.6481,9605,1421,36370755,3058,31.84,42,-16.15
2017-10-13,3743.9,3785,3743.9,3754.1,3763.643548,12299,1027,46289052,4008,32.59,41.1,10.2
2017-10-12,3700,3761.95,3699.1,3742.3,3735.131186,20307,1561,75849309,7920,39,62.85,42.3
2017-10-11,3700.45,3739.9,3675.8,3687.6,3708.374123,12119,1088,44941786,3277,27.04,64.1,-12.85
2017-10-10,3699,3719.95,3662,3692.4,3700.352703,11358,1090,42028606,3637,32.02,57.95,-6.6
2017-10-09,3705,3714.55,3680,3687.7,3691.631065,21394,1450,78978755,9857,46.07,34.55,-17.3
2017-10-06,3790,3790,3682.15,3703.7,3732.04134,34978,1601,130539342,17873,51.1,107.85,-86.3
2017-10-05,3799,3799,3740.05,3757.2,3766.583412,19038,1362,71708215,8129,42.7,58.95,-41.8
2017-10-04,3850,3865,3778,3794,3820.574453,29804,2584,113868401,11650,39.09,87,-56
2017-10-03,3829.9,3846.05,3795,3805.55,3828.34824,109548,1409,419387893,98455,89.87,51.05,-24.35
2017-09-29,3750,3818.3,3728.9,3781.2,3775.636776,67746,2145,255784289,38938,57.48,89.4,31.2
2017-09-28,3755.9,3773,3677.95,3744.55,3719.567708,30639,2346,113963835,9785,31.94,95.05,-11.35
2017-09-27,3813.7,3825.05,3712.65,3732.4,3767.443542,10468,968,39437599,3055,29.18,112.4,-81.3
2017-09-26,3794.9,3808,3755.8,3785.85,3779.486365,24385,5136,92162775,9127,37.43,52.2,-9.05
2017-09-25,3849,3849,3725,3755.65,3741.379807,35339,1380,132216621,22835,64.62,124,-93.35
2017-09-22,3888,3888,3781.5,3788.15,3809.182284,19925,1599,75897957,4279,21.48,106.5,-99.85
2017-09-21,3904.7,3904.7,3818.4,3888.85,3870.497051,13733,972,53153536,4191,30.52,86.3,-15.85
2017-09-20,3983.7,3983.7,3845,3858.1,3879.366266,20324,1651,78844240,7703,37.9,138.7,-125.6
2017-09-19,3965,3972.25,3941.2,3948.6,3953.409006,9083,731,35908814,2612,28.76,31.05,-16.4
2017-09-18,3903,3958,3900,3951.05,3942.155432,11735,834,46261194,3065,26.12,58,48.05
2017-09-15,3894.7,3910.1,3872,3891.25,3891.311917,11891,745,46271590,3597,30.25,38.1,-3.45
2017-09-14,3938.9,3938.9,3886.55,3894.7,3900.789377,9847,752,38411073,3282,33.33,52.35,-44.2
2017-09-13,3918,3968.5,3880,3895.5,3925.281791,20281,1319,79608640,9683,47.74,88.5,-22.5
2017-09-12,4025,4025,3907.9,3917.55,3926.808185,13831,1039,54311684,6388,46.19,117.1,-107.45
2017-09-11,3993,3993,3939.1,3945.85,3959.386735,8745,915,34624837,3941,45.07,53.9,-47.15
2017-09-08,3991.2,4001.45,3941,3959,3970.910245,6852,928,27208677,2897,42.28,60.45,-32.2
2017-09-07,3964.3,4009.15,3964.3,3982.9,3982.584647,23279,1595,92710588,15887,68.25,44.85,18.6
2017-09-06,3970.6,3993.85,3933.7,3950.55,3962.866099,13047,898,51703514,4542,34.81,60.15,-20.05
2017-09-05,3988.35,4005.3,3958.8,3970.6,3979.173419,20684,778,82305223,13936,67.38,46.5,-17.75
2017-09-04,4079,4079,3966.55,3973.6,4002.195476,21174,1339,84742487,6028,28.47,112.45,-105.4
2017-09-01,4001.95,4090,3996.55,4047.3,4051.61586,24439,1834,99017440,9460,38.71,93.45,45.35
2017-08-31,3976.15,4019.7,3970,3998.1,3997.439195,19982,2301,79876830,7063,35.35,49.7,21.95
2017-08-30,3950,4013.95,3950,3987.15,3992.018165,14919,1146,59556919,6429,43.09,63.95,37.15
2017-08-29,3940,3982,3924.35,3948.8,3954.416294,102752,1272,406324183,91604,89.15,57.65,8.8
2017-08-28,3890.05,3990.6,3840.75,3960.05,3944.824036,10576,1203,41720459,2961,28,149.85,70
2017-08-24,3919.4,3920,3870,3874.5,3896.366808,75939,1842,295886199,65612,86.4,50,-44.9
2017-08-23,4200,4200,3870.3,3890.15,3903.723989,13927,1201,54367164,2828,20.31,329.7,-309.85
2017-08-22,4002,4002,3877.8,3885.3,3890.964393,38813,1313,151020001,27000,69.56,124.2,-116.7
2017-08-21,4001.2,4036.05,3950.05,3967.6,3990.828421,7600,839,30330296,2055,27.04,86,-33.6
2017-08-18,3975,3999.8,3970.15,3982.75,3980.36716,59538,959,236983100,53397,89.69,29.65,7.75
2017-08-17,4030,4036,3975.7,3996.85,4000.340955,8834,995,35339012,3030,34.3,60.3,-33.15
2017-08-16,3969.9,4043.75,3939.05,4018.05,4025.812844,97603,3034,392931411,76835,78.72,104.7,48.15
2017-08-14,3844.75,3969,3844.75,3954.15,3932.29862,9132,860,35909751,1451,15.89,124.25,109.4
2017-08-11,3885,3885,3800,3844.75,3835.529459,11304,1360,43356825,2812,24.88,85,-40.25
2017-08-10,3880,3944,3860.45,3886.9,3917.404535,97512,1128,381993951,84785,86.95,83.55,6.9
2017-08-09,3913,3939.65,3860.15,3884.25,3883.453804,24169,2977,93859195,10976,45.41,79.5,-28.75
2017-08-08,3970,4003,3900,3912.7,3935.909222,18055,1628,71062841,6900,38.22,103,-57.3
2017-08-07,3950,4019.4,3931.4,3953.6,3975.704708,25236,2799,100330884,6753,26.76,88,3.6
2017-08-04,3839.15,3967.2,3813.85,3958.65,3919.484529,67385,6321,264114465,34143,50.67,153.35,119.5
2017-08-03,3830,3843.9,3775,3839.15,3819.11264,13956,1454,53299536,4231,30.32,68.9,9.15
2017-08-02,3755.1,3838,3743.45,3800.35,3803.637457,68083,3968,258963049,37526,55.12,94.55,45.25
2017-08-01,3665.1,3735,3665.1,3721.55,3697.319223,156101,2594,577155228,116041,74.34,69.9,56.45
2017-07-31,3670,3673.95,3607,3654.1,3648.426971,49097,2589,179126819,36608,74.56,66.95,-15.9
2017-07-28,3749,3749,3619,3631.8,3665.262697,97466,1285,357238494,85469,87.69,130,-117.2
2017-07-27,3723.4,3759,3685,3707.45,3736.348504,12700,1263,47451626,5151,40.56,74,-15.95
2017-07-26,3710,3741,3689.95,3717.75,3719.119574,16425,1170,61086539,4422,26.92,51.05,7.75
2017-07-25,3715,3747,3699.9,3706.85,3730.633569,534387,2778,1993602081,515070,96.39,47.1,-8.15
2017-07-24,3728,3728,3686.05,3691.15,3700.599371,10179,1127,37668401,5024,49.36,41.95,-36.85
2017-07-21,3732.8,3737,3672,3679.65,3696.444235,15413,2377,56973295,5876,38.12,65,-53.15
2017-07-20,3775.3,3786.3,3721.55,3729.55,3736.618602,8128,1652,30371236,2596,31.94,64.75,-45.75
2017-07-19,3787.3,3795,3756,3766.2,3774.696808,71971,1109,271668704,64145,89.13,39,-21.1
2017-07-18,3735.95,3807.3,3712.1,3785.5,3786.202084,10847,879,41068934,3329,30.69,95.2,49.55
2017-07-17,3767.5,3785.25,3742.5,3763.75,3765.484314,9403,662,35406849,3597,38.25,42.75,-3.75
2017-07-14,3760,3792,3733.8,3753.2,3762.563346,15960,930,60050511,7672,48.07,58.2,-6.8
2017-07-13,3740,3767.3,3725,3749.7,3758.056982,20375,682,76570411,13956,68.5,42.3,9.7
2017-07-12,3711,3777.35,3711,3731.95,3739.424506,11630,1114,43489507,3822,32.86,66.35,20.95
2017-07-11,3700,3755.55,3700,3750.1,3749.63913,11040,977,41396016,5364,48.59,55.55,50.1
2017-07-10,3694,3743,3680.55,3732.75,3721.99778,47755,7024,177744004,25236,52.84,62.45,38.75
2017-07-07,3723.9,3723.9,3675,3682.5,3691.285269,8974,1289,33125594,2889,32.19,48.9,-41.4
2017-07-06,3707.05,3745,3707.05,3721.4,3731.390349,9740,777,36343742,3282,33.7,37.95,14.35
2017-07-05,3705,3717,3697.6,3707.05,3709.375095,9251,698,34315429,2635,28.48,19.4,2.05
2017-07-04,3800,3800,3685,3699.95,3697.413566,2099389,13070,7762309368,1581695,75.34,115,-100.05
2017-07-03,3695,3788.55,3677.4,3777,3736.062755,22787,2419,85133662,3767,16.53,111.15,82
2017-06-30,3690,3710.85,3666,3696.7,3687.918107,9317,985,34360333,1596,17.13,44.85,6.7
2017-06-29,3737,3737,3685,3719.15,3708.373309,12124,1144,44960318,2590,21.36,52,-17.85
2017-06-28,3673.2,3723.5,3668.5,3687.85,3691.028782,42005,830,155041664,34733,82.69,55,14.65
2017-06-27,3670.7,3708.8,3636.55,3695.95,3666.753733,37906,982,138991967,30598,80.72,72.25,25.25
2017-06-23,3735,3736,3653,3660.3,3679.946663,22667,1193,83413351,14850,65.51,83,-74.7
2017-06-22,3770,3795.5,3720,3733.15,3750.32388,12483,1016,46815293,4980,39.89,75.5,-36.85
2017-06-21,3801.2,3807.2,3760.05,3768.65,3773.328538,6882,606,25968047,2957,42.97,47.15,-32.55
2017-06-20,3830,3842.9,3786.85,3801.2,3807.887007,10983,949,41822023,4660,42.43,56.05,-28.8
2017-06-19,3800,3836,3796.9,3826.05,3822.667866,9451,1027,36128034,3870,40.95,39.1,26.05
2017-06-16,3780,3792.85,3760,3778.4,3778.60526,8669,761,32756729,3358,38.74,32.85,-1.6
2017-06-15,3792.6,3819,3759.6,3779.35,3785.761057,6964,782,26364040,1580,22.69,59.4,-13.25
2017-06-14,3752.6,3806,3752.6,3786.65,3791.325403,30682,1433,116325446,18193,59.3,53.4,34.05
2017-06-13,3770,3787.5,3744.55,3752.55,3763.246476,4682,601,17619520,1425,30.44,42.95,-17.45
2017-06-12,3791.9,3791.9,3760.1,3774.65,3776.357476,6862,749,25913365,2059,30.01,31.8,-17.25
2017-06-09,3800,3800.95,3756.7,3779.35,3781.210479,10039,972,37959572,2311,23.02,44.25,-20.65
2017-06-08,3841.5,3855,3773.2,3784.55,3803.511191,12778,2201,48601266,3416,26.73,81.8,-56.95
2017-06-07,3815.8,3856,3805,3844.05,3843.908199,12843,1893,49367313,4034,31.41,51,28.25
2017-06-06,3834.9,3838,3791.3,3815.8,3810.427352,12767,1180,48647726,3126,24.48,46.7,-19.1
2017-06-05,3874,3880.25,3811.6,3826.7,3845.171836,25245,1904,97071363,5845,23.15,68.65,-47.3
2017-06-02,3780,3850,3764.05,3841.75,3822.587209,28833,2959,110216657,4132,14.33,85.95,61.75
2017-06-01,3741,3813.1,3716,3734.55,3769.873431,18725,1896,70590880,2187,11.68,97.1,-6.45
2017-05-31,3725,3760,3720.55,3742.8,3741.613336,12807,1455,47918842,1914,14.94,39.45,17.8
2017-05-30,3674,3752,3663.6,3739.5,3710.540986,28522,2648,105832050,8101,28.4,88.4,65.5
2017-05-29,3617,3676,3595.05,3667.5,3641.801165,12709,1232,46283651,2276,17.91,80.95,50.5
2017-05-26,3625,3659,3606.55,3616.1,3637.643997,235026,1158,854940918,225991,96.16,52.45,-8.9
2017-05-25,3570,3635,3529.65,3615.75,3592.957384,13657,1382,49069019,3878,28.4,105.35,45.75
2017-05-24,3585,3604.9,3528.05,3562.8,3566.745878,9704,1248,34611702,1941,20,76.85,-22.2
2017-05-23,3590,3618.95,3563.65,3585.45,3583.586001,10058,1334,36043708,1731,17.21,55.3,-4.55
2017-05-22,3590,3640.25,3552.2,3564.5,3587.508216,11989,1333,43010636,2034,16.97,88.05,-25.5
2017-05-19,3590,3654,3539.15,3572.95,3597.862151,20682,1902,74410985,5911,28.58,114.85,-17.05
2017-05-18,3535.35,3640,3535.35,3596.1,3603.005629,9416,1237,33925901,2463,26.16,104.65,60.75
2017-05-17,3604,3680.7,3595.45,3642.75,3651.022501,24221,2274,88431416,6523,26.93,85.25,38.75
2017-05-16,3525,3631.5,3493.05,3619,3572.5653,24288,2198,86770466,6372,26.24,138.45,94
2017-05-15,3545,3556.95,3501,3517.3,3523.287969,10963,1243,38625806,2635,24.04,55.95,-27.7
2017-05-12,3465,3554.8,3462.15,3536.95,3513.329523,53095,3921,186540231,10667,20.09,92.65,71.95
2017-05-11,3360,3482.6,3295.5,3463.8,3408.937193,75549,6079,257541796,18378,24.33,187.1,103.8
2017-05-10,3288,3340,3271.9,3322.4,3304.42146,34250,4213,113176435,8645,25.24,68.1,34.4
2017-05-09,3409.95,3435.85,3280,3289.8,3332.789676,23402,2210,77993944,7694,32.88,155.85,-120.15
2017-05-08,3383,3409.9,3370,3393.85,3393.932329,5512,555,18707355,1738,31.53,39.9,10.85
2017-05-05,3376.55,3411.75,3341,3362.6,3382.524237,13925,1397,47101650,2947,21.16,70.75,-13.95
2017-05-04,3376.35,3410,3357.8,3394.1,3385.284178,11250,1323,38084447,4206,37.39,52.2,17.75
2017-05-03,3374.45,3381,3351.95,3368.15,3368.04059,10027,849,33771343,1935,19.3,29.05,-6.3
2017-05-02,3315.65,3382,3303.55,3351,3350.713051,16665,1721,55839633,4682,28.09,78.45,35.35
2017-04-28,3350,3350,3290,3310.7,3313.27472,11863,894,39305378,2670,22.51,60,-39.3
2017-04-27,3315.25,3360.05,3275,3297.15,3329.181229,14192,1540,47247740,3100,21.84,85.05,-18.1
2017-04-26,3310,3324,3270.05,3309.7,3293.446259,40100,2158,132067195,24443,60.96,53.95,-0.3
2017-04-25,3204.55,3315,3203.25,3305.7,3271.76577,24096,2321,78836468,7142,29.64,111.75,101.15
2017-04-24,3204.9,3218.85,3190,3204.55,3204.605435,12733,1043,40804241,4917,38.62,28.85,-0.35
2017-04-21,3212.45,3218,3191.5,3204.9,3204.630683,11218,1144,35949547,4040,36.01,26.5,-7.55
2017-04-20,3202.7,3215,3182.7,3201.25,3199.251608,7150,863,22874649,2034,28.45,32.3,-1.45
2017-04-19,3243.6,3243.6,3185,3204.6,3210.668564,11948,853,38361068,6454,54.02,58.6,-39
2017-04-18,3242.15,3258.9,3218.2,3223.95,3243.303167,11934,1557,38705580,5534,46.37,40.7,-18.2
2017-04-17,3210,3245,3210,3229.95,3232.55998,16222,3016,52438588,6144,37.87,35,19.95
2017-04-13,3221.4,3245.5,3212,3224.9,3227.631111,9000,1045,29048680,2591,28.79,33.5,3.5
2017-04-12,3210.95,3233.5,3200.6,3226.15,3221.243934,10962,931,35311276,3591,32.76,32.9,15.2
2017-04-11,3200.05,3224.25,3186.7,3201.35,3206.111069,13145,2267,42144330,7100,54.01,37.55,1.3
2017-04-10,3214,3226.95,3187.2,3199.45,3201.895249,8840,1025,28304754,3226,36.49,39.75,-14.55
2017-04-07,3207.9,3235,3200,3216.6,3218.728142,16836,1952,54190507,7619,45.25,35,8.7
2017-04-06,3190,3219.75,3180,3205.35,3201.821741,17469,1956,55932624,5245,30.02,39.75,15.35
2017-04-05,3205,3226.5,3191,3196.35,3203.326828,15219,1580,48751431,5776,37.95,35.5,-8.65
2017-04-03,3250,3263.95,3195.2,3204.7,3223.880355,16106,1298,51923817,3909,24.27,68.75,-45.3
2017-03-31,3206.05,3232.05,3200,3223.85,3215.352721,48072,2312,154568436,8618,17.93,32.05,17.8
2017-03-30,3210,3265,3202.65,3231.5,3243.485744,35739,3007,115918937,10331,28.91,62.35,21.5
2017-03-29,3328.05,3336.4,3180,3223.25,3284.863797,171949,6884,564829045,103495,60.19,156.4,-104.8
2017-03-28,3344,3356.9,3312,3328.05,3330.396111,15892,1991,52926655,5578,35.1,44.9,-15.95
2017-03-27,3375,3397,3311.6,3340.25,3342.895256,22216,2280,74265761,5902,26.57,85.4,-34.75
2017-03-24,3356.1,3385,3344.55,3376.6,3371.664628,17002,1853,57325042,8347,49.09,40.45,20.5
2017-03-23,3333.35,3378,3328.05,3366.55,3360.027744,13156,2084,44204525,4863,36.96,49.95,33.2
2017-03-22,3325,3338.8,3301,3310.55,3316.942796,15978,1437,52998112,7464,46.71,37.8,-14.45
2017-03-21,3341.05,3358.15,3330,3342.8,3341.513221,6656,733,22241112,1581,23.75,28.15,1.75
2017-03-20,3351.7,3366.9,3325,3337.65,3340.733234,8037,873,26849473,4439,55.23,41.9,-14.05
2017-03-17,3350.2,3374.8,3336.75,3345.25,3358.823156,10252,1303,34434655,2787,27.18,38.05,-4.95
2017-03-16,3367,3387.35,3341.1,3348.8,3362.570117,19282,2269,64837077,6691,34.7,46.25,-18.2
2017-03-15,3351.1,3406,3340.75,3399.25,3368.629758,562322,2961,1894254623,544361,96.81,65.25,48.15
2017-03-14,3351,3379.8,3348,3357.5,3360.375281,533233,4170,1791862992,509083,95.47,31.8,6.5
2017-03-10,3302.9,3326.95,3290.1,3311.6,3307.907841,101423,1395,335497937,92806,91.5,36.85,8.7
2017-03-09,3285,3297.85,3259.95,3273.7,3275.175964,21027,1845,68867125,10916,51.91,37.9,-11.3
2017-03-08,3331,3331,3258.5,3270.9,3281.91211,16441,2094,53957917,4222,25.68,72.5,-60.1
2017-03-07,3315,3320,3281.65,3299.4,3304.860707,8177,1022,27023846,1931,23.62,38.35,-15.6
2017-03-06,3275.95,3332,3274.6,3320.85,3305.177641,19044,3618,62943803,7952,41.76,57.4,44.9
2017-03-03,3223.95,3289.95,3209.4,3270.55,3242.902694,12620,1420,40925432,3414,27.05,80.55,46.6
2017-03-02,3203,3260.5,3191.05,3227.55,3238.858834,118959,2472,385291408,95394,80.19,69.45,24.55
2017-03-01,3149.05,3196,3149.05,3184,3182.449858,18288,1935,58200643,4599,25.15,46.95,34.95
2017-02-28,3172.1,3177.95,3129.95,3135,3147.027374,63710,1528,200497114,4185,6.57,48,-37.1
2017-02-27,3218,3218,3155.9,3168.35,3181.203657,17392,1759,55327494,4742,27.27,62.1,-49.65
2017-02-23,3150,3199,3149.55,3177.2,3177.946894,35401,3283,112502498,15752,44.5,49.45,27.2
2017-02-22,3118.05,3173.95,3111.85,3164.8,3136.805413,30629,4734,96077213,17579,57.39,62.1,46.75
2017-02-21,3107.35,3139,3090.5,3128.5,3108.46449,63799,1972,198316926,19588,30.7,48.5,21.15
2017-02-20,3086.1,3122.45,3081,3103,3103.989909,14864,1363,46137706,4066,27.35,41.45,16.9
2017-02-17,3126.1,3133,3074,3085.65,3093.771251,17705,2441,54775220,5531,31.24,59,-40.45
2017-02-16,3110,3158,3054,3126.1,3105.136524,19220,2375,59680724,3324,17.29,104,16.1
2017-02-15,3161.15,3165,3089.1,3098.4,3118.246367,19406,2898,60512689,7208,37.14,75.9,-62.75
2017-02-14,3233.85,3233.9,3146.5,3161.15,3166.119873,22599,2064,71551143,7710,34.12,87.4,-72.7
2017-02-13,3266.45,3272.55,3211.7,3226.4,3238.260537,24461,2600,79211091,11633,47.56,60.85,-40.05
2017-02-10,3265,3279,3244,3266.45,3265.64092,12390,1194,40461291,3841,31,35,1.45
2017-02-09,3273,3312,3228,3264.3,3263.333723,35943,2877,117294004,12564,34.96,84,-8.7
2017-02-08,3269,3282.25,3210,3223.8,3243.494256,32991,3639,107006119,7228,21.91,72.25,-45.2
2017-02-07,3270,3270.05,3227.5,3258.75,3249.347762,10165,1107,33029620,3684,36.24,42.55,-11.25
2017-02-06,3264,3284.5,3249,3262.8,3266.087229,23318,2924,76158622,10276,44.07,35.5,-1.2
2017-02-03,3227,3229,3202,3215.7,3215.61621,27317,4310,87840988,12220,44.73,27,-11.3
2017-02-02,3269.8,3291.55,3217.5,3226,3245.775741,39597,3541,128522982,10402,26.27,74.05,-43.8
2017-02-01,3194,3300,3170.05,3284.1,3238.899607,48071,3559,155697143,13200,27.46,129.95,90.1
2017-01-31,3210,3220,3153.75,3179.25,3183.9755,12653,1497,40286842,1862,14.72,66.25,-30.75
2017-01-30,3216.3,3216.3,3160.15,3196.85,3188.085466,19774,1693,63041202,4562,23.07,56.15,-19.45
2017-01-27,3235,3263,3201.05,3216.3,3224.738622,121590,2102,392095969,102844,84.58,61.95,-18.7
2017-01-25,3140,3265,3124.85,3240.35,3190.11607,48979,4971,156248695,19349,39.5,140.15,100.35
2017-01-24,3112,3141.45,3087.05,3133.25,3121.9746,18307,1972,57153989,9010,49.22,54.4,21.25
2017-01-23,3058,3108.9,3044.7,3099.55,3056.391866,117313,1719,358554499,103338,88.09,64.2,41.55
2017-01-20,3105.05,3120,3050.55,3056.6,3080.609873,18089,1560,55725152,6451,35.66,69.45,-48.45
2017-01-19,3104,3117.7,3068,3107.9,3092.648658,15233,1660,47110317,3566,23.41,49.7,3.9
2017-01-18,3141,3159,3077,3088.85,3112.218345,40555,3051,126216015,13840,34.13,82,-52.15
2017-01-17,3110,3155,3074.4,3131.65,3117.932218,19725,1697,61501213,7117,36.08,80.6,21.65
2017-01-16,3051,3100,3029,3091.4,3069.21925,9195,1341,28221471,2962,32.21,71,40.4
2017-01-13,3084.9,3092.7,3021.95,3044.65,3046.842299,14369,2116,43780077,4274,29.74,70.75,-40.25
2017-01-12,3114.7,3114.7,3065,3079.65,3084.479652,30618,2818,94440598,17839,58.26,49.7,-35.05
2017-01-11,3070,3092.05,3040,3087,3068.106051,15766,2059,48371760,4960,31.46,52.05,17
2017-01-10,3040.1,3073.45,3020.1,3062.95,3047.943181,11475,1788,34975148,2340,20.39,53.35,22.85
2017-01-09,3100,3108,3029.3,3035.9,3067.29841,13773,1713,42245901,3282,23.83,78.7,-64.1
2017-01-06,3085,3118.25,3055.95,3068.6,3082.624969,19921,2494,61408972,4492,22.55,62.3,-16.4
2017-01-05,3020,3081.5,3015.25,3072.3,3058.384203,39906,3317,122047880,14783,37.04,66.25,52.3
2017-01-04,3012,3025.95,2976.05,3014.25,2998.408938,28777,3234,86285214,5841,20.3,49.9,2.25
2017-01-03,2972.7,3018.45,2966,2987.35,2995.53639,19758,1989,59185808,5826,29.49,52.45,14.65
2017-01-02,3045,3068.1,2991.5,3028.7,3018.372486,19692,2200,59437791,5539,28.13,76.6,-16.3
2016-12-30,3045,3061.5,3028,3044.75,3046.831547,17910,1513,54568753,6286,35.1,33.5,-0.25
2016-12-29,3032.95,3050,2975,3032.3,3016.467072,18905,1697,57026310,6275,33.19,75,-0.65
2016-12-28,3035,3050,3000,3004.8,3023.539075,10288,1459,31106170,3138,30.5,50,-30.2
2016-12-27,2981,3046.35,2957,3034,2993.35464,13470,1561,40320487,2194,16.29,89.35,53
2016-12-26,3040.1,3045.85,2976.5,3004.4,2998.306243,9499,932,28480911,3106,32.7,69.35,-35.7
2016-12-23,3008,3050,2992.15,3036,3022.128565,8556,898,25857332,2027,23.69,57.85,28
2016-12-22,3022,3040,2983.8,3000.5,3005.025079,14235,1514,42776532,4324,30.38,56.2,-21.5
2016-12-21,3068,3101,3021.05,3026.65,3056.865557,17115,2109,52318254,5472,31.97,79.95,-41.35
2016-12-20,3135,3135,3040.2,3057.15,3060.722276,39921,2536,122187094,27881,69.84,94.8,-77.85
2016-12-19,3151.65,3151.65,3087.7,3105.7,3111.992149,14776,1279,45982796,6001,40.61,63.95,-45.95
2016-12-16,3168.1,3183.4,3119.5,3128,3133.859547,8615,1074,26998200,2347,27.24,63.9,-40.1
2016-12-15,3149.6,3200.15,3120.05,3168.1,3175.227557,18202,1991,57795492,3397,18.66,80.1,18.5
2016-12-14,3206.9,3221.05,3142,3163.2,3171.687775,14102,1729,44727141,2557,18.13,79.05,-43.7
2016-12-13,3210,3239.45,3195.45,3201.95,3207.599124,28525,1405,91496765,15488,54.3,44,-8.05
2016-12-12,3272,3272,3199.55,3216.55,3226.506061,13281,1303,42851227,3214,24.2,72.45,-55.45
2016-12-09,3344,3344,3271.05,3281.15,3285.767443,15235,1720,50058667,3203,21.02,72.95,-62.85
2016-12-08,3260,3331.5,3248.1,3308.95,3301.36067,33094,3574,109255230,15889,48.01,83.4,48.95
2016-12-07,3250,3250,3200,3227.2,3228.907218,19702,1679,63615930,6559,33.29,50,-22.8
2016-12-06,3228.7,3241.2,3186.2,3198,3212.970894,9036,944,29032405,1318,14.59,55,-30.7
2016-12-05,3183.65,3258,3170.6,3224.4,3224.13434,22175,2195,71495179,4543,20.49,87.4,40.75
2016-12-02,3160,3213,3150.5,3183.7,3179.295983,20562,2281,65372684,3663,17.81,62.5,23.7
2016-12-01,3159.5,3215,3148.7,3178.35,3167.618264,18222,2249,57720340,4186,22.97,66.3,18.85
2016-11-30,3160,3176,3135,3169,3160.861312,13433,1573,42459850,3992,29.72,41,9
2016-11-29,3117.9,3180,3074.4,3160.05,3143.983499,25695,2898,80784656,3582,13.94,105.6,42.15
2016-11-28,3050,3117,3050,3101.5,3093.810361,19785,2457,61211038,2609,13.19,67,51.5
2016-11-25,3050,3092.5,3029.4,3039.1,3056.893343,16839,1755,51475027,4524,26.87,63.1,-10.9
2016-11-24,2999,3069,2978.55,3049.6,3028.059966,11790,1696,35700827,2599,22.04,90.45,50.6
2016-11-23,3030,3030,2996.35,3012.85,3011.733721,14436,1419,43477388,2937,20.34,33.65,-17.15
2016-11-22,2941,3015,2933.25,2997,2979.551675,25999,2525,77465364,7670,29.5,81.75,56
2016-11-21,2945,2953.45,2897,2928.1,2920.999368,50614,2522,147843462,37234,73.56,56.45,-16.9
2016-11-18,2900,2942,2876,2934.75,2923.122438,98899,3908,289093886,78081,78.95,66,34.75
2016-11-17,2949,2949,2844.4,2878.15,2875.383649,36841,4613,105932009,11591,31.46,104.6,-70.85
2016-11-16,2926,3018,2894.35,2914.5,2954.852872,32577,2957,96260242,5147,15.8,123.65,-11.5
2016-11-15,2980,2980,2869,2900.7,2904.703878,41726,4708,121201674,17142,41.08,111,-79.3
2016-11-11,3144.55,3144.55,2970,2981.75,3020.294168,46674,5392,140969210,13501,28.93,174.55,-162.8
2016-11-10,3290,3312.45,3135,3144.55,3204.496591,43561,5156,139591076,15637,35.9,177.45,-145.45
2016-11-09,3262,3262,3097.95,3235.7,3204.124582,60177,6516,192814605,10739,17.85,164.05,-26.3
2016-11-08,3378,3381,3327,3369.6,3360.257303,13179,1714,44284831,3572,27.1,54,-8.4
2016-11-07,3300,3379,3264.65,3350.15,3326.224532,21026,2726,69937197,3989,18.97,114.35,50.15
2016-11-04,3390,3390,3250,3282.95,3300.637955,25472,3684,84073850,6700,26.3,140,-107.05
2016-11-03,3330,3400,3317,3379.5,3371.518737,25377,2554,85559031,8478,33.41,83,49.5
2016-11-02,3360,3360,3316.25,3324.25,3337.401831,13110,1658,43753338,3738,28.51,43.75,-35.75
2016-11-01,3370,3388.1,3355,3370.8,3374.316341,14418,1540,48650893,4492,31.16,33.1,0.8
2016-10-30,3370.6,3381.4,3350,3354.6,3358.678053,7231,617,24286601,3499,48.39,31.4,-16
2016-10-28,3345,3420,3324.9,3347.65,3349.852679,27973,2357,93705429,4477,16,95.1,2.65
2016-10-27,3470,3470,3300.15,3314.75,3348.413433,147088,5748,492511435,94914,64.53,169.85,-155.25
2016-10-26,3410,3454.8,3375,3421.55,3420.512557,52997,4949,181276904,12813,24.18,79.8,11.55
2016-10-25,3335,3372.7,3331.05,3357.25,3348.858988,16410,1738,54954776,7728,47.09,41.65,22.25
2016-10-24,3360,3371.5,3330,3334.3,3349.134926,20174,2064,67565448,9010,44.66,41.5,-25.7
2016-10-21,3371.1,3375.5,3344.55,3360.55,3360.96274,17257,1612,58000134,2785,16.14,30.95,-10.55
2016-10-20,3376.3,3404.45,3355.5,3362.75,3380.24254,20442,1667,69098918,7034,34.41,48.95,-13.55
2016-10-19,3420,3420,3360,3367,3378.721541,21364,2305,72183007,7367,34.48,60,-53
2016-10-18,3404.15,3435.65,3383.25,3410.5,3410.518869,38264,3278,130500094,21577,56.39,52.4,6.35
2016-10-17,3510,3510,3393,3404.15,3427.59424,27398,2463,93909227,11670,42.59,117,-105.85
2016-10-14,3515,3518.85,3466.95,3482.2,3491.789578,18211,1582,63588980,7189,39.48,51.9,-32.8
2016-10-13,3491,3519,3468.55,3493.5,3495.160884,37207,3538,130044451,14524,39.04,50.45,2.5
2016-10-10,3499,3512.9,3479.1,3489.7,3494.451105,57951,4778,202506936,41467,71.56,33.8,-9.3
2016-10-07,3495,3495,3450,3471.7,3467.80958,24530,1528,85065369,14513,59.16,45,-23.3
2016-10-06,3525.3,3525.3,3462.4,3473.6,3485.962319,29617,2340,103243746,10268,34.67,62.9,-51.7
2016-10-05,3583,3583,3485,3490.4,3497.884365,46327,2079,162046489,27755,59.91,98,-92.6
2016-10-04,3581,3600,3516.3,3531.55,3553.407342,37865,2791,134549769,7936,20.96,83.7,-49.45
2016-10-03,3469,3542.85,3448,3523,3508.5908,27021,2806,94805632,11826,43.77,94.85,54
2016-09-30,3462,3462,3392,3414.35,3419.355641,30064,3071,102799508,12226,40.67,70,-47.65
2016-09-29,3485,3495.95,3409.95,3428.5,3454.905174,23116,2665,79863588,6911,29.9,86,-56.5
2016-09-28,3475,3490,3439.5,3450.45,3464.650926,9021,1200,31254616,3086,34.21,50.5,-24.55
2016-09-27,3486,3499.9,3440,3450.55,3459.992521,25136,1948,86970372,10301,40.98,59.9,-35.45
2016-09-26,3565,3565,3450.95,3463.7,3478.417976,20116,2794,69971856,7384,36.71,114.05,-101.3
2016-09-23,3538.6,3553.45,3515.65,3531.75,3535.296673,12202,1117,43137690,4044,33.14,37.8,-6.85
2016-09-22,3500,3577.8,3500,3538.6,3547.770798,34005,3266,120641946,9730,28.61,77.8,38.6
2016-09-21,3497,3510,3416.9,3460,3473.865526,28764,3282,99922268,6528,22.7,93.1,-37
2016-09-20,3558,3558,3460,3468.1,3482.61785,22028,2508,76715106,9377,42.57,98,-89.9
2016-09-19,3601,3617.15,3544.05,3554.3,3571.414437,21639,2105,77281837,7485,34.59,73.1,-46.7
2016-09-16,3556.7,3639,3529.95,3585.15,3592.271768,42172,4052,151493285,5131,12.17,109.05,28.45
2016-09-15,3570,3573,3508,3522.6,3524.348616,28398,3029,100084452,4031,14.19,65,-47.4
2016-09-14,3530,3612,3530,3589.5,3573.940214,14552,1971,52007978,2898,19.91,82,59.5
2016-09-12,3565,3565,3493.1,3529.05,3516.426085,27978,3302,98382569,5275,18.85,71.9,-35.95
2016-09-09,3690,3705.5,3568.65,3623.8,3626.264448,22598,2829,81946324,6230,27.57,136.85,-66.2
2016-09-08,3605,3739.9,3605,3697.65,3699.739671,34007,3387,125817047,13803,40.59,134.9,92.65
2016-09-07,3699.8,3699.8,3578.35,3609.85,3599.639682,15095,1918,54336561,4664,30.9,121.45,-89.95
2016-09-06,3581,3650,3581,3614.05,3620.438698,25660,2918,92900457,8439,32.89,69,33.05
2016-09-02,3580,3614.35,3553.85,3578.55,3577.706835,29526,2865,105635372,6110,20.69,60.5,-1.45
2016-09-01,3551,3597.15,3520,3546.9,3564.368948,27077,2762,96512418,5648,20.86,77.15,-4.1
2016-08-31,3480,3576,3480,3547.5,3548.881534,44367,3165,157453227,10574,23.83,96,67.5
2016-08-30,3414,3483.4,3414,3473.35,3458.735147,37451,2464,129533090,14779,39.46,69.4,59.35
2016-08-29,3316.5,3415,3282,3405.75,3364.560514,30877,2395,103887535,9174,29.71,133,89.25
2016-08-26,3322.25,3334,3300,3316.8,3313.243089,13711,1534,45427876,3100,22.61,34,-5.45
2016-08-25,3305,3332.95,3290,3303.75,3311.198033,14644,1543,48489184,3230,22.06,42.95,-1.25
2016-08-24,3306.45,3323,3287.9,3309.5,3305.01082,16451,1676,54370733,4095,24.89,35.1,3.05
2016-08-23,3382,3382,3296.15,3306.45,3308.853434,19452,2028,64363817,4933,25.36,85.85,-75.55
2016-08-22,3365,3365,3306.8,3337.95,3329.220211,14527,1330,48363582,3127,21.53,58.2,-27.05
2016-08-19,3380,3380,3343.8,3359.25,3358.802938,12184,1244,40923655,1787,14.67,36.2,-20.75
2016-08-18,3360,3410,3356.6,3369.4,3377.803885,28677,2777,96865282,6321,22.04,53.4,9.4
2016-08-17,3313.5,3429,3308.05,3360.15,3389.311812,44902,3777,152186879,12065,26.87,120.95,46.65
2016-08-16,3315,3320,3281,3294.7,3296.789772,9699,1228,31975564,1800,18.56,39,-20.3
2016-08-12,3310,3364.85,3301.5,3313.3,3336.292471,26300,2571,87744492,7828,29.76,63.35,3.3
2016-08-11,3317,3369.95,3291.6,3303.8,3328.344721,22305,1820,74238729,4904,21.99,78.35,-13.2
2016-08-10,3424,3442.85,3303,3320.5,3386.401976,45147,2514,152885890,23378,51.78,139.85,-103.5
2016-08-09,3464,3490,3394.3,3407.3,3423.961733,101733,4033,348329899,64765,63.66,95.7,-56.7
2016-08-08,3525,3553.55,3410,3456.8,3483.86173,135264,13027,471241073,15951,11.79,143.55,-68.2
2016-08-05,3299.95,3455.65,3287.25,3434.3,3373.130769,47626,4147,160648726,12461,26.16,168.4,134.35
2016-08-04,3255,3305,3250,3270.1,3279.462836,24298,1893,79684388,8861,36.47,55,15.1
2016-08-03,3278.1,3305.9,3210.5,3237.1,3268.219232,32997,2337,107841430,8202,24.86,95.4,-41
2016-08-02,3220,3279,3201.95,3260,3259.462059,70584,3032,230065870,45093,63.89,77.05,40
2016-08-01,3211,3395,3200,3219.35,3226.024913,17260,1845,55681190,4864,28.18,195,8.35
2016-07-29,3190,3243.7,3176.55,3206.45,3219.293307,16614,1447,53485339,3835,23.08,67.15,16.45
2016-07-28,3203.6,3229.45,3150,3192.3,3202.547792,37140,3092,118942625,10313,27.77,79.45,-11.3
2016-07-27,3210.3,3257.15,3189.9,3203.5,3212.042115,9284,1233,29820599,2666,28.72,67.25,-6.8
2016-07-26,3280,3281,3173,3210.3,3240.875981,20255,2012,65643943,7339,36.23,108,-69.7
2016-07-25,3260.35,3285.5,3250,3279.7,3270.830127,14658,1282,47943828,6922,47.22,35.5,19.35
2016-07-22,3272.25,3285.85,3254.05,3260.35,3265.393966,6927,979,22619384,1773,25.6,31.8,-11.9
2016-07-21,3300,3306.1,3260.3,3265.65,3284.799733,8983,1284,29507356,2007,22.34,45.8,-34.35
2016-07-20,3240,3283,3235.15,3276.6,3269.87607,11684,1410,38205232,3628,31.05,47.85,36.6
2016-07-19,3260,3261.85,3208,3229.4,3227.805998,18505,1872,59730550,5803,31.36,53.85,-30.6
2016-07-18,3253.65,3291.15,3240,3254.5,3271.104267,21867,3282,71529237,6148,28.12,51.15,0.85
2016-07-15,3270,3289,3220.45,3237.7,3260.680513,15744,1822,51336154,2202,13.99,68.55,-32.3
2016-07-14,3229,3271,3205.9,3251.3,3242.122202,27070,3090,87764248,9273,34.26,65.1,22.3
2016-07-13,3250,3259.95,3220,3235.55,3238.236702,11449,1815,37074572,1485,12.97,39.95,-14.45
2016-07-12,3250,3259.35,3223.5,3243.75,3240.584024,17364,2149,56269501,3710,21.37,35.85,-6.25
2016-07-11,3170,3244.2,3170,3236.55,3230.362135,63863,4899,206300617,24701,38.68,74.2,66.55
2016-07-08,3125,3170,3117.55,3160.2,3151.07793,17413,1994,54869720,3811,21.89,52.45,35.2
2016-07-07,3130,3135,3090.7,3101.3,3115.274688,16364,1400,50978355,3175,19.4,44.3,-28.7
2016-07-05,3159.8,3161.7,3105,3111.5,3124.898118,12485,1749,39014353,4497,36.02,56.7,-48.3
2016-07-04,3225,3225,3146.2,3161.75,3161.847119,22645,2064,71600028,8095,35.75,78.8,-63.25
2016-07-01,3185.5,3199.9,3160.35,3176.65,3179.884355,19361,2647,61565741,3990,20.61,39.55,-8.85
2016-06-30,3157,3222.35,2987.8,3180.85,3188.353752,41156,5211,131219887,10287,25,234.55,23.85
2016-06-29,3035.05,3154.9,3035.05,3145,3118.175216,34643,3504,108022944,8964,25.88,119.85,109.95
2016-06-28,3080,3080,3011,3025.5,3039.948141,17239,2342,52405666,4902,28.44,69,-54.5
2016-06-27,3028.95,3082,3025,3054.6,3051.746433,15771,1739,48129093,3472,22.02,57,25.65
2016-06-24,3062.7,3076,2956,3055.95,2984.269771,117396,2340,350341334,96119,81.88,120,-6.75
2016-06-23,3077.55,3083.8,3038.75,3062.7,3061.339879,9115,1218,27904113,2118,23.24,45.05,-14.85
2016-06-22,3050.1,3074.1,3027.2,3068.6,3060.857558,13409,1600,41043039,2202,16.42,46.9,18.5
2016-06-21,3055,3074,3036.5,3048.75,3054.219028,9218,1287,28153791,2056,22.3,37.5,-6.25
2016-06-20,3005.85,3092,3005.85,3048.65,3058.83237,11943,1772,36531635,2412,20.2,86.15,42.8
2016-06-17,3043.35,3043.35,3015,3028.2,3029.924326,11391,1675,34513868,3669,32.21,28.35,-15.15
2016-06-16,3042.2,3054.95,3016.2,3023.4,3030.186415,11174,1315,33859303,2484,22.23,38.75,-18.8
2016-06-15,3027.65,3086.45,3022.05,3066.7,3065.923409,28933,2877,88706362,7175,24.8,64.4,39.05
2016-06-14,3036.45,3039.95,2990.5,3011.55,2998.645246,64969,2148,194818983,46613,71.75,49.45,-24.9
2016-06-13,3067.45,3067.45,3017.5,3039.2,3033.795332,30161,2921,91502301,9272,30.74,49.95,-28.25
2016-06-10,3055,3111,3055,3067.45,3077.173901,14514,1945,44662102,2267,15.62,56,12.45
2016-06-09,3160,3170.35,3072,3083.25,3102.459093,25167,2525,78079588,10035,39.87,98.35,-76.75
2016-06-08,3130,3180,3111.8,3170.4,3160.872374,11949,1227,37769264,2191,18.34,68.2,40.4
2016-06-07,3125,3146.45,3111.7,3127.9,3131.873082,13686,1975,42862815,3751,27.41,34.75,2.9
2016-06-06,3140,3154,3090,3102,3120.416222,15941,2060,49742555,5679,35.63,64,-38
2016-06-03,3152,3207.9,3100.05,3146.8,3174.30766,33134,3581,105177510,7272,21.95,107.85,-5.2
2016-06-02,3087.3,3144,3060.1,3137.3,3124.029936,21880,2419,68353775,3730,17.05,83.9,50
2016-06-01,3100.05,3132,3068.65,3087.3,3121.019925,51743,1901,161490934,37538,72.55,63.35,-12.75
2016-05-31,3104.3,3124.3,3070,3099.15,3103.339281,67926,2675,210797424,48348,71.18,54.3,-5.15
2016-05-30,3010,3105.7,3005.05,3093.9,3067.068739,27859,4211,85445468,6785,24.35,100.65,83.9
2016-05-27,2971.1,3008.1,2970.15,3003.25,2998.129372,19556,2113,58631418,4192,21.44,37.95,32.15
2016-05-26,2924.75,2990.05,2916.4,2971.1,2959.535408,23173,2213,68581314,7348,31.71,73.65,46.35
2016-05-25,2924,2934.95,2907,2929.25,2924.723144,14531,1851,42499152,3019,20.78,27.95,5.25
2016-05-24,2865.3,2905,2865.3,2893.3,2892.87829,11207,1038,32420487,4194,37.42,39.7,28
2016-05-23,2897,2900,2864.75,2883.95,2884.305947,13048,1757,37634424,3684,28.23,35.25,-13.05
2016-05-20,2890,2907.7,2872.1,2896.75,2893.752813,13686,1855,39603901,3699,27.03,35.6,6.75
2016-05-19,2897.4,2911.95,2869,2890.3,2892.78078,17471,1473,50539773,3350,19.17,42.95,-7.1
2016-05-18,2915.9,2915.9,2862,2884.85,2884.195367,36475,2431,105201026,18487,50.68,53.9,-31.05
2016-05-17,2910,2958,2907,2927.95,2937.918522,19183,1566,56358091,4556,23.75,51,17.95
2016-05-16,2913,2913,2872,2902.95,2890.189089,15104,1793,43653416,2123,14.06,41,-10.05
2016-05-13,2950.15,2950.15,2897.6,2915.85,2917.503712,15356,1807,44801187,3553,23.14,52.55,-34.3
2016-05-12,2955.05,2979.1,2945,2950.15,2956.928877,17041,1460,50389025,6080,35.68,34.1,-4.9
2016-05-11,2934.1,2980.9,2920.05,2960.65,2961.883942,29537,2846,87485166,7878,26.67,60.85,26.55
2016-05-10,2948.1,2973,2931,2961.9,2956.565673,26061,2322,77051058,8627,33.1,42,13.8
2016-05-09,2890,2960,2890,2948.1,2938.858506,27252,2358,80089772,7728,28.36,70,58.1
2016-05-06,2913,2913,2829,2885.05,2872.745492,44863,3826,128879981,7378,16.45,84,-27.95
2016-05-05,2922.9,2948,2881,2893.95,2914.471044,51320,4928,149570654,10032,19.55,67,-28.95
2016-05-04,2899.9,2915.35,2884.55,2897.7,2902.258497,19625,1699,56956823,6161,31.39,30.8,-2.2
2016-05-03,2955,2959,2865.35,2884.4,2906.094184,41281,3742,119966474,5958,14.43,93.65,-70.6
2016-05-02,2899.4,2930,2887.55,2907.7,2903.624931,14464,1676,41998031,2138,14.78,42.45,8.3
2016-04-29,2890.1,2914.8,2870,2901.3,2901.522959,16290,1836,47265809,2580,15.84,44.8,11.2
2016-04-28,2945,2947,2889.95,2901.3,2913.909766,18707,1886,54510510,5373,28.72,57.05,-43.7
2016-04-27,2932.1,2963.45,2932.1,2949.05,2940.818155,64368,1563,189294583,51982,80.76,31.35,16.95
2016-04-26,2964.45,2964.45,2919,2932.1,2939.486041,17480,2429,51382216,4301,24.61,45.45,-32.35
2016-04-25,3000,3021,2960,2967.4,2983.167571,16578,2374,49454952,2809,16.94,61,-32.6
2016-04-22,2980,3026.2,2952.05,3001,2999.615578,406447,2729,1219184753,382674,94.15,74.15,21
2016-04-21,3050.05,3064.5,2980,2988.5,3040.34446,270380,2693,822048335,252601,93.42,84.5,-61.55
2016-04-20,3069,3079,3006.25,3040.7,3044.025259,265374,3246,807805159,245490,92.51,72.75,-28.3
2016-04-18,3148,3157.5,3050,3065.35,3093.038179,22211,2980,68699471,5649,25.43,107.5,-82.65
2016-04-13,3060,3170,3040.1,3151.65,3106.067846,44616,5314,138580323,9056,20.3,129.9,91.65
2016-04-12,2980,3060,2973.1,3049.95,3039.2089,27372,3375,83189226,7787,28.45,86.9,69.95
2016-04-11,2941,2985,2908.05,2976.55,2950.45918,17418,2495,51391098,4879,28.01,76.95,35.55
2016-04-08,2968,2968,2885.35,2920.3,2909.186899,16442,2270,47832851,1344,8.17,82.65,-47.7
2016-04-07,2985,2985.05,2942.5,2968.3,2962.843518,10097,1562,29915831,2395,23.72,42.55,-16.7
2016-04-06,2960,3005,2960,2983.55,2987.499219,10877,1763,32495029,1421,13.06,45,23.55
2016-04-05,2978,3009.9,2936.7,2956.25,2971.643212,66510,2762,197643990,4946,7.44,73.2,-21.75
2016-04-04,2970.05,2987.8,2948.05,2979.4,2971.741098,15979,2210,47485451,3183,19.92,39.75,9.35
2016-04-01,2939,2970,2923,2951.05,2949.895305,17145,1670,50575955,3042,17.74,47,12.05
2016-03-31,2920,2985,2919.1,2943.4,2951.66374,46354,4300,136821421,17662,38.1,65.9,23.4
2016-03-30,2858,2923.85,2858,2922.45,2919.371022,77796,2706,227115388,62000,79.7,65.85,64.45
2016-03-29,2848,2878.9,2836.3,2851.35,2860.445237,10801,1034,30895669,2533,23.45,42.6,3.35
2016-03-28,2872.2,2878.5,2832.2,2848.2,2852.087937,25052,2913,71450507,9478,37.83,46.3,-24
2016-03-23,2870,2914.5,2864,2870.35,2888.470192,42640,3753,123164369,10509,24.65,50.5,0.35
2016-03-22,2780,2899,2754.5,2866.75,2846.967825,106481,5011,303147981,56879,53.42,144.5,86.75
2016-03-21,2806,2823.95,2778.85,2802.75,2801.365212,54070,3594,151469817,31142,57.6,45.1,-3.25
2016-03-18,2828,2837.85,2795,2832.9,2829.058868,14626,1567,41377815,6584,45.02,42.85,4.9
2016-03-17,2810,2838,2807.45,2819.5,2824.812152,13841,1042,39098225,5403,39.04,30.55,9.5
2016-03-16,2820,2835,2763.5,2797.95,2802.25,24200,2085,67814450,7815,32.29,71.5,-22.05
2016-03-15,2815,2838,2807,2812.95,2826.280079,20280,1140,57316960,11422,56.32,31,-2.05
2016-03-14,2815.1,2833.45,2803.15,2817.15,2814.858252,16106,1625,45336107,6594,40.94,30.3,2.05
2016-03-11,2812,2839.8,2795,2810.5,2820.620757,37646,1752,106185089,23942,63.6,44.8,-1.5
2016-03-10,2827.7,2848.5,2797.75,2812.1,2814.02093,78546,4378,221030088,41606,52.97,50.75,-15.6
2016-03-09,2807.9,2828.75,2789,2816.95,2815.122595,16061,1595,45213684,7462,46.46,39.75,9.05
2016-03-08,2838,2850,2800,2809.9,2833.646812,323236,1805,915936661,313657,97.04,50,-28.1
2016-03-04,2817,2854.25,2788.95,2835.8,2831.140404,22300,2360,63134431,4324,19.39,65.3,18.8
2016-03-03,2810,2847.05,2810,2824.75,2829.522142,36582,3323,103509579,9970,27.25,37.05,14.75
2016-03-02,2681,2857.35,2681,2807.75,2823.191766,94897,7224,267912429,45522,47.97,176.35,126.75
2016-03-01,2508.5,2682,2506,2667,2617.57206,42097,4137,110191931,9627,22.87,176,158.5
2016-02-29,2570,2570,2473.85,2499.65,2516.96728,41198,4006,103694018,10625,25.79,96.15,-70.35
2016-02-26,2640,2646,2535.1,2557.15,2561.932216,14797,2256,37908911,3084,20.84,110.9,-82.85
2016-02-25,2621,2641.3,2593.25,2623.3,2610.082955,16503,1710,43074199,2682,16.25,48.05,2.3
2016-02-24,2660.3,2660.3,2610,2623.45,2635.40581,8743,1292,23041353,711,8.13,50.3,-36.85
2016-02-23,2705,2709.9,2655.4,2660.3,2670.504445,10237,1312,27337954,2078,20.3,54.5,-44.7
2016-02-22,2690.05,2730.1,2673.55,2705.95,2706.194106,19716,2382,53355323,4064,20.61,56.55,15.9
2016-02-19,2615,2712.85,2603,2704.85,2686.5575,59661,4857,160282707,30953,51.88,109.85,89.85
2016-02-18,2545,2630,2545,2620.95,2600.203687,17954,2572,46684057,4512,25.13,85,75.95
2016-02-17,2510.1,2534,2440,2523.9,2490.665189,19178,1673,47765977,5728,29.87,94,13.8
2016-02-16,2515.7,2567,2504,2508.45,2525.673458,19584,1821,49462789,5210,26.6,63,-7.25
2016-02-15,2514,2538.35,2491,2515.7,2509.73037,16174,1999,40592379,2323,14.36,47.35,1.7
2016-02-12,2525.55,2533.8,2454,2486.5,2499.335399,31464,2462,78639089,3592,11.42,79.8,-39.05
2016-02-11,2550.1,2561.4,2481,2498.45,2519.226017,12884,1600,32457708,2491,19.33,80.4,-51.65
2016-02-10,2569.6,2576,2545.8,2547.45,2549.354512,48509,471,123666638,43354,89.37,30.2,-22.15
2016-02-09,2549.85,2594.9,2518,2579.65,2569.059904,8163,741,20971236,2076,25.43,76.9,29.8
2016-02-08,2580.1,2585,2550,2568.1,2572.378549,7608,833,19570656,1917,25.2,35,-12
2016-02-05,2509,2590,2509,2578.05,2549.283312,53824,2728,137212625,39673,73.71,81,69.05
2016-02-04,2509,2525,2472.15,2510.5,2497.379703,9834,1342,24559232,1239,12.6,52.85,1.5
2016-02-03,2518,2541.9,2477,2484.7,2506.43827,10635,1061,26655971,1891,17.78,64.9,-33.3
2016-02-02,2535,2545.5,2510.25,2521.8,2525.75473,7347,910,18556720,692,9.42,35.25,-13.2
2016-02-01,2565.65,2568.75,2508.55,2535,2527.778324,45350,2139,114634747,24728,54.53,60.2,-30.65
2016-01-29,2442.15,2575,2442.15,2562.8,2523.236398,25677,2429,64789141,5986,23.31,132.85,120.65
2016-01-28,2489.1,2508.7,2430,2448.55,2477.263945,23880,3563,59157063,9234,38.67,78.7,-40.55
2016-01-27,2538.75,2539.05,2471,2482.05,2501.928237,16457,2833,41174233,6322,38.42,68.05,-56.7
2016-01-25,2595.2,2597.8,2497.55,2520.8,2531.781233,16753,2217,42414931,3024,18.05,100.25,-74.4
2016-01-22,2483.45,2600,2478.1,2586.05,2552.159668,17217,2550,43940533,3799,22.07,121.9,102.6
2016-01-21,2488,2539.95,2466,2473.5,2495.387389,23994,2794,59874325,5318,22.16,73.95,-14.5
2016-01-20,2470,2505.45,2458,2488.05,2483.106989,19273,2529,47856921,6835,35.46,47.45,18.05
2016-01-19,2448.8,2498.45,2448.8,2482.95,2476.865554,13061,1563,32350341,3247,24.86,49.65,34.15
2016-01-18,2425,2450,2375,2431.2,2410.746084,9385,1139,22624852,2194,23.38,75,6.2
2016-01-15,2449,2449,2410,2425.35,2430.612296,13175,1513,32023317,3619,27.47,39,-23.65
2016-01-14,2449,2467.95,2416.6,2433.1,2432.009507,36079,1922,87744471,23447,64.99,51.35,-15.9
2016-01-13,2478.45,2479.7,2421,2470.75,2459.784669,14220,1730,34978138,3512,24.7,58.7,-7.7
2016-01-12,2480,2500,2460,2469.55,2473.908678,12122,2156,29988721,3011,24.84,40,-10.45
2016-01-11,2488.95,2525,2456,2503.2,2489.300897,10811,1261,26911832,1551,14.35,69,14.25
2016-01-08,2529.75,2537.35,2484.25,2489,2501.043583,16199,1593,40514405,4625,28.55,53.1,-40.75
2016-01-07,2561.9,2573.7,2505.85,2513.15,2528.461018,9158,1203,23155646,1493,16.3,67.85,-48.75
2016-01-06,2640,2640,2577,2581.75,2600.039184,38434,1178,99929906,1527,3.97,63,-58.25
2016-01-05,2644.95,2655.25,2605.7,2621.05,2631.957506,9060,1183,23845535,1677,18.51,49.55,-23.9
2016-01-04,2665,2669.7,2635.45,2645.5,2652.420288,18523,2459,49130781,5666,30.59,34.25,-19.5
2016-01-01,2695,2696.05,2674,2687.85,2686.813677,8335,832,22394592,1365,16.38,22.05,-7.15
2015-12-31,2715,2717.9,2672.05,2695.25,2707.575745,63846,2163,172867881,52477,82.19,45.85,-19.75
2015-12-30,2720,2732.65,2707,2711.65,2718.626834,7498,722,20384264,2461,32.82,25.65,-8.35
2015-12-29,2692.05,2740,2692.05,2734.25,2725.518395,10220,1428,27854798,2583,25.27,47.95,42.2
2015-12-28,2691,2707.9,2688,2702.25,2699.879198,9081,943,24517603,2303,25.36,19.9,11.25
2015-12-24,2653.1,2695,2653.1,2689.7,2687.055657,8732,850,23463370,2379,27.24,41.9,36.6
2015-12-23,2675,2693,2662.2,2675.2,2677.16852,5305,643,14202379,395,7.45,30.8,0.2
2015-12-22,2710,2710,2662,2669,2686.55621,14268,1679,38331784,4841,33.93,48,-41
2015-12-21,2650,2705,2637.1,2695.8,2677.568207,10644,1586,28500036,2516,23.64,67.9,45.8
2015-12-18,2645,2662.85,2622.5,2641.6,2645.808785,11725,1583,31022108,2802,23.9,40.35,-3.4
2015-12-17,2615,2660,2603,2649.75,2631.39598,15771,1733,41499746,5670,35.95,57,34.75
2015-12-16,2585.4,2616,2573.9,2593.45,2596.279383,11801,1238,30638693,2953,25.02,42.1,8.05
2015-12-15,2500,2573.8,2500,2563.85,2545.202808,66960,1794,170426780,51968,77.61,73.8,63.85
2015-12-14,2523.3,2556,2501.7,2537.45,2516.234962,328351,1677,826208266,310003,94.41,54.3,14.15
2015-12-11,2562,2562,2516,2523.3,2535.497942,14578,1145,36962489,2999,20.57,46,-38.7
2015-12-10,2570,2574.8,2535.55,2545.6,2552.125162,13854,1508,35357142,3831,27.65,39.25,-24.4
2015-12-09,2600,2600,2534.9,2546.8,2561.593032,10190,1208,26102633,,,65.1,-53.2
2015-12-08,2621.35,2637.05,2586,2602.85,2610.166985,10983,838,28667464,2713,24.7,51.05,-18.5
2015-12-07,2630,2662.95,2611,2621.35,2634.244686,13078,1424,34450652,2549,19.49,51.95,-8.65
2015-12-04,2625,2633.95,2603.05,2617.15,2616.526748,7795,941,20395826,1506,19.32,30.9,-7.85
2015-12-03,2655,2680.05,2610.55,2618.35,2656.69333,68272,2311,181377767,58239,85.3,69.5,-36.65
2015-12-02,2674,2699.9,2666.75,2675.85,2681.676147,14275,1484,38280927,3777,26.46,33.15,1.85
2015-12-01,2710,2715.7,2668.35,2677.75,2689.827609,16451,1779,44250354,3954,24.04,47.35,-32.25
2015-11-30,2700.05,2732,2680.1,2702.65,2711.134404,23608,2867,64004461,7664,32.46,51.9,2.6
2015-11-27,2672,2714.05,2660.5,2704.15,2689.435661,17268,1744,46441175,2754,15.95,53.55,32.15
2015-11-26,2610,2698,2610,2680.8,2641.094123,690789,17150,1824438768,233465,33.8,88,70.8
2015-11-24,2659,2667.7,2631,2645.8,2648.76221,16666,1335,44144271,3739,22.43,36.7,-13.2
2015-11-23,2573.35,2664.5,2571.8,2637.25,2638.996121,42534,3887,112247061,9064,21.31,92.7,63.9
2015-11-20,2601.2,2638.95,2558,2563.65,2589.468538,46135,3238,119465131,14042,30.44,80.95,-37.55
2015-11-19,2609.9,2683.8,2580,2591.35,2645.305859,62313,5658,164836944,16963,27.22,103.8,-18.55
2015-11-18,2597.75,2604,2556.7,2571.85,2584.397152,18610,1182,48095631,5312,28.54,47.3,-25.9
2015-11-17,2604,2615.55,2574.85,2597.8,2594.250584,13277,1176,34443865,3251,24.49,40.7,-6.2
2015-11-16,2600.7,2643.8,2587,2611.45,2615.044113,11448,1014,29937025,1839,16.06,56.8,10.75
2015-11-13,2660,2664,2600.4,2610.95,2627.614025,5376,739,14126053,939,17.47,63.6,-49.05
2015-11-11,2675,2677.25,2634.4,2644.4,2646.356696,10715,813,28355712,5329,49.73,42.85,-30.6
2015-11-10,2637.9,2666,2605,2657.4,2650.515265,17131,1620,45405977,4124,24.07,61,19.5
2015-11-09,2615,2648.2,2605,2618.5,2620.95791,9242,999,24222893,1340,14.5,43.2,3.5
2015-11-06,2626.05,2666.8,2592.2,2632.9,2644.539086,24625,2221,65121775,5473,22.23,74.6,6.85
2015-11-05,2581,2659,2580,2638.6,2642.434916,29362,1803,77587174,7550,25.71,79,57.6
2015-11-04,2599,2632,2593,2614.4,2615.939384,14699,1689,38451693,2965,20.17,39,15.4
2015-11-03,2549.05,2596.55,2538.4,2583.75,2570.468204,14656,1423,37672782,2514,17.15,58.15,34.7
2015-11-02,2581,2584,2538.6,2549.1,2555.58684,8009,1048,20467695,1290,16.11,45.4,-31.9
2015-10-30,2611,2626.95,2568.05,2585,2602.493518,12650,1396,32921543,2033,16.07,58.9,-26
2015-10-29,2618,2635.95,2605.85,2625.75,2621.891151,7662,1065,20088930,1617,21.1,30.1,7.75
2015-10-28,2618.2,2631.9,2595.5,2623.55,2619.178551,6956,755,18219006,1345,19.34,36.4,5.35
2015-10-27,2619,2642,2587.2,2620.4,2610.522791,32688,1541,85332769,17836,54.56,54.8,1.4
2015-10-26,2590.1,2631,2590,2619.3,2617.971588,12530,1490,32803184,2855,22.79,41,29.2
2015-10-23,2625.35,2644.35,2581,2594.95,2610.993151,16499,1165,43078776,3122,18.92,63.35,-30.4
2015-10-21,2665,2665,2592.2,2619.05,2625.609154,44987,3980,118118279,7128,15.84,72.8,-45.95
2015-10-20,2590.05,2625,2589.05,2605.05,2603.093652,28467,2768,74102267,3176,11.16,35.95,15
2015-10-19,2582,2622,2565,2613.55,2603.853016,15403,1579,40107148,4470,29.02,57,31.55
2015-10-16,2567.45,2598,2559,2586.85,2578.231282,16041,1320,41357408,4308,26.86,39,19.4
2015-10-15,2524,2578.6,2501.1,2567.45,2553.152129,15500,1445,39573858,5280,34.06,77.5,43.45
2015-10-14,2538,2548.5,2493.7,2505.75,2509.806779,10651,1226,26731952,1572,14.76,54.8,-32.25
2015-10-13,2547,2562,2525.05,2538.85,2539.366924,13605,1054,34548087,2693,19.79,36.95,-8.15
2015-10-12,2575,2596.2,2540.1,2547.65,2566.782807,16193,1248,41563914,3414,21.08,56.1,-27.35
2015-10-09,2560,2583,2554.4,2565.25,2568.275039,14867,1062,38182545,1745,11.74,28.6,5.25
2015-10-08,2539,2561.85,2524.65,2539.6,2538.220218,15798,1260,40098803,3253,20.59,37.2,0.6
2015-10-07,2523.6,2554,2495.95,2539.2,2529.725946,24663,2135,62390631,2356,9.55,58.05,15.6
2015-10-06,2515,2550,2512.4,2532.55,2526.902119,22231,1925,56175561,3283,14.77,37.6,17.55
2015-10-05,2439.9,2516,2435.7,2501.65,2478.436169,22207,2096,55038632,6332,28.51,80.3,61.75
2015-10-01,2395,2470.95,2393.6,2413.35,2421.994123,46966,3735,113751376,8583,18.27,77.35,18.35
2015-09-30,2344.4,2410,2313.7,2395.65,2351.481128,20824,2122,48967243,4100,19.69,96.3,51.25
2015-09-29,2350,2370,2305,2331.7,2332.5379,33958,1582,79208322,15150,44.61,65,-18.3
2015-09-28,2400,2400,2339,2350.75,2352.398355,13980,1321,32886529,4143,29.64,61,-49.25
2015-09-24,2387.65,2421,2371,2380.65,2397.707456,12487,1038,29940173,1900,15.22,50,-7
2015-09-23,2386.1,2405,2384.45,2401.3,2394.971373,14357,716,34384604,3564,24.82,20.55,15.2
2015-09-22,2433,2448,2376.65,2386.1,2408.420545,9326,1184,22460930,4021,43.12,71.35,-46.9
2015-09-21,2427.7,2448,2394.65,2424.8,2424.942215,7649,702,18548383,1219,15.94,53.35,-2.9
2015-09-18,2375,2443.5,2375,2428.55,2425.703063,23995,2414,58204745,5531,23.05,68.5,53.55
2015-09-16,2322.25,2379.95,2321.7,2363,2362.363721,22674,2172,53564235,4157,18.33,58.25,40.75
2015-09-15,2350,2350,2307.95,2310.6,2313.877114,35594,1970,82360142,21190,59.53,42.05,-39.4
2015-09-14,2350,2360.45,2322.35,2348.6,2341.224582,7485,646,17524066,2071,27.67,38.1,-1.4
2015-09-11,2349.9,2366.95,2332.9,2342.05,2343.20142,15773,996,36959316,4377,27.75,34.05,-7.85
2015-09-10,2347,2363,2300.05,2343.95,2348.023304,80844,1474,189823596,67294,83.24,62.95,-3.05
2015-09-09,2328.05,2369.8,2328.05,2347.75,2352.561032,14304,1155,33651033,3885,27.16,41.75,19.7
2015-09-08,2292,2330,2286.6,2317.3,2308.067053,17792,1276,41065129,4190,23.55,43.4,25.3
2015-09-07,2293,2312.5,2259.1,2279.8,2279.944541,30383,1677,69271555,13912,45.79,53.4,-13.2
2015-09-04,2330,2336.9,2270,2292.55,2289.099496,30926,2280,70792691,8180,26.45,66.9,-37.45
2015-09-03,2350,2365,2322.9,2329.95,2337.07791,24015,1884,56124926,8171,34.02,42.1,-20.05
2015-09-02,2360.15,2388.4,2302.7,2343.25,2347.727251,47014,3283,110376049,9585,20.39,85.7,-16.9
2015-09-01,2394.95,2395.4,2369.55,2385.3,2381.638847,44178,2354,105216041,31736,71.84,25.85,-9.65
2015-08-31,2399,2411.45,2381.1,2397.35,2394.597961,15695,1249,37583215,4078,25.98,30.35,-1.65
2015-08-28,2418,2432,2381.15,2400.95,2410.822765,29695,2203,71589382,10199,34.35,50.85,-17.05
2015-08-27,2419,2419,2364.5,2380.7,2383.725213,44347,3381,105711062,16304,36.76,54.5,-38.3
2015-08-26,2465,2475,2366.1,2391.95,2402.815187,117183,5038,281569092,82344,70.27,108.9,-73.05
2015-08-25,2475.1,2514.3,2404.15,2477.5,2447.902049,37090,3095,90792687,12044,32.47,110.15,2.4
2015-08-24,2539.95,2539.95,2405,2478.95,2477.064533,262517,4891,650271550,208051,79.25,134.95,-61
2015-08-21,2625,2648.65,2535.1,2559.9,2555.68364,41810,3799,106853133,12429,29.73,113.55,-65.1
2015-08-20,2660,2660,2624.2,2633.9,2640.703883,14447,1565,38150249,3860,26.72,35.8,-26.1
2015-08-19,2645,2705,2617.35,2690,2676.094251,28456,2340,76150938,7951,27.94,87.65,45
2015-08-18,2657.9,2678.7,2634.55,2641.85,2653.492556,11822,977,31369589,2406,20.35,44.15,-16.05
2015-08-17,2682,2720,2642,2653.5,2673.634508,22824,2436,61023034,8324,36.47,78,-28.5
2015-08-14,2640,2722,2640,2714,2689.22599,23147,1872,62247514,5982,25.84,82,74
2015-08-13,2664,2681,2612.25,2643.85,2656.601384,17345,1884,46078751,4877,28.12,68.75,-20.15
2015-08-12,2678,2692,2626.15,2635.35,2653.969948,23859,1952,63321069,6209,26.02,65.85,-42.65
2015-08-11,2704.85,2718.95,2668,2678.7,2700.880074,41809,1485,112921095,28522,68.22,50.95,-26.15
2015-08-10,2673,2728.65,2663.1,2704.85,2702.531701,28185,2337,76170856,7290,25.86,65.55,31.85
2015-08-07,2652.65,2669,2641,2660.5,2657.889468,14005,1086,37223742,3172,22.65,28,7.85
2015-08-06,2665.25,2680.95,2641,2652.65,2655.584945,19489,1425,51754695,4599,23.6,39.95,-12.6
2015-08-05,2644.95,2673.3,2629.75,2660.4,2652.696864,33546,2453,88987369,5479,16.33,43.55,15.45
2015-08-04,2785,2800,2613.8,2624.25,2705.706693,124436,9054,336687318,30027,24.13,186.2,-160.75
2015-08-03,2655,2717,2604.15,2697.85,2664.097079,68635,4335,182850303,5425,7.9,112.85,42.85
2015-07-31,2587.6,2693.5,2587.6,2674.45,2661.332515,22811,2418,60707656,6200,27.18,105.9,86.85
2015-07-30,2565,2626.6,2565,2587.6,2597.798412,15363,1429,39909977,2611,17,61.6,22.6
2015-07-29,2540,2580.3,2505.4,2566.25,2547.594842,22954,1666,58477492,3195,13.92,74.9,26.25
2015-07-28,2600,2629,2519,2531.55,2551.744079,39481,3883,100745408,11051,27.99,110,-68.45
2015-07-27,2715,2738,2597.45,2605.65,2649.696402,21400,2498,56703503,5957,27.84,140.55,-109.35
2015-07-24,2709.5,2747.25,2700,2738.2,2724.804275,14270,1308,38882957,4623,32.4,47.25,28.7
2015-07-23,2706.7,2729.95,2676.3,2714.3,2703.937675,17104,1678,46248150,3292,19.25,53.65,7.6
2015-07-22,2685.95,2720,2678.45,2707.7,2702.858335,12579,1466,33999255,3994,31.75,41.55,21.75
2015-07-21,2662,2695,2662,2685.85,2683.240748,12835,1177,34439395,4839,37.7,33,23.85
2015-07-20,2674.55,2674.55,2654.85,2660.75,2662.313798,8617,1137,22941158,3001,34.83,19.7,-13.8
2015-07-17,2659.95,2678.1,2642.2,2649.8,2659.456367,10382,895,27610476,2682,25.83,35.9,-10.15
2015-07-16,2651,2665.45,2640,2650,2652.442671,13091,1264,34723127,3789,28.94,25.45,-1
2015-07-15,2674.95,2674.95,2653,2660.1,2662.345225,9110,773,24253965,2037,22.36,21.95,-14.85
2015-07-14,2600.65,2658,2596.2,2640.2,2633.624816,37299,2333,98231572,6690,17.94,61.8,39.55
2015-07-13,2572.2,2615,2552.2,2600.65,2579.187223,17172,1602,44289803,1429,8.32,62.8,28.45
2015-07-10,2605.4,2618,2565.15,2572.5,2586.389795,24341,2003,62955314,8514,34.98,52.85,-32.9
2015-07-09,2550,2610,2550,2605.4,2589.753546,20868,1859,54042977,5834,27.96,60,55.4
2015-07-08,2559.65,2581.7,2517.9,2552.95,2560.803477,30597,2633,78352904,7126,23.29,63.8,-6.7
2015-07-07,2612.4,2634.35,2557.05,2562.5,2587.387862,43781,2774,113278428,21026,48.03,77.3,-49.9
2015-07-06,2575,2623.5,2556,2612.4,2604.29062,20501,1824,53390562,6450,31.46,67.5,37.4
2015-07-03,2528.3,2585,2528.3,2577.8,2565.686162,18637,2066,47816693,7977,42.8,56.7,49.5
2015-07-02,2520,2567.3,2520,2532.85,2546.969025,25343,2253,64547836,3776,14.9,47.3,12.85
2015-07-01,2552,2552,2500,2518.8,2515.968475,25948,2072,65284350,5044,19.44,52,-33.2
2015-06-30,2549.8,2551.7,2504,2524.3,2518.662681,13800,1373,34757545,3224,23.36,47.7,-25.5
2015-06-29,2525,2555.45,2503,2538.45,2531.152018,14939,2048,37812880,4030,26.98,52.45,13.45
2015-06-26,2550,2567.3,2522.1,2547,2540.545258,17997,1444,45722193,3436,19.09,45.2,-3
2015-06-25,2525.4,2573,2525.4,2552.05,2553.976732,13538,1406,34575737,2184,16.13,47.6,26.65
2015-06-24,2523.2,2545.25,2513,2521.15,2523.536425,16582,1232,41845281,5061,30.52,32.25,-2.05
2015-06-23,2589.9,2713.7,2516.8,2523.2,2537.731906,20090,1998,50983034,5799,28.87,196.9,-66.7
2015-06-22,2589.5,2589.5,2567.15,2580.6,2579.256181,7928,1010,20448343,2933,37,22.35,-8.9
2015-06-19,2549.9,2578,2535.75,2551.7,2558.120844,17353,1697,44391071,3704,21.35,42.25,1.8
2015-06-18,2540,2547,2516.55,2523.9,2525.861192,128537,2425,324666620,100613,78.28,30.45,-16.1
2015-06-17,2579.85,2579.85,2517,2525.6,2532.589221,26311,1967,66634955,8113,30.84,62.85,-54.25
2015-06-16,2519.9,2555,2500.15,2543.9,2526.829146,9792,912,24742711,3305,33.75,54.85,24
2015-06-15,2500,2530,2497.4,2509.25,2511.174371,12915,1199,32431817,3353,25.96,32.6,9.25
2015-06-12,2502,2522,2485,2506.8,2506.309635,12434,966,31163454,4440,35.71,37,4.8
2015-06-11,2535,2547,2497.25,2503.65,2513.680095,10997,778,27642940,1101,10.01,49.75,-31.35
2015-06-10,2505,2528,2502.4,2516.25,2515.871464,18734,1445,47132336,5524,29.49,25.6,11.25
2015-06-09,2523,2530.8,2490,2501.65,2504.943003,8825,904,22106122,1173,13.29,40.8,-21.35
2015-06-08,2580.55,2596.35,2510,2519.2,2538.109677,11005,1481,27931897,3068,27.88,86.35,-61.35
2015-06-05,2549,2589,2530,2576.85,2564.197679,17235,1381,44193947,3768,21.86,59,27.85
2015-06-04,2597.6,2597.6,2538,2548.4,2550.076544,20916,1761,53337401,6176,29.53,59.6,-49.2
2015-06-03,2610,2630,2568,2578.05,2591.020104,22284,1842,57738292,5686,25.52,62,-31.95
2015-06-02,2700,2700.5,2601.35,2607.85,2629.4694,53006,5466,139377655,17472,32.96,99.15,-92.15
2015-06-01,2680.5,2738.6,2647,2709.7,2698.82345,19949,1886,53838829,5449,27.31,91.6,29.2
2015-05-29,2640,2705,2623.25,2696,2664.155204,33659,4054,89672800,11608,34.49,81.75,56
2015-05-28,2622,2659,2595.1,2641.95,2635.066933,36604,1665,96453990,3031,8.28,63.9,19.95
2015-05-27,2600,2659.95,2593,2605.05,2634.646201,31826,1912,83850250,4071,12.79,66.95,5.05
2015-05-26,2599,2636.15,2587.85,2616.05,2616.607098,18964,1759,49621337,3785,19.96,48.3,17.05
2015-05-25,2601.95,2603.35,2580,2586.85,2589.870924,8096,541,20967595,1684,20.8,23.35,-15.1
2015-05-22,2580,2610,2579,2600.9,2594.525082,11303,886,29325917,2037,18.02,31,20.9
2015-05-21,2579,2613.7,2555.95,2602.5,2588.899893,24244,1575,62765289,3114,12.84,57.75,23.5
2015-05-20,2581.25,2595,2574.35,2579.25,2581.437436,12603,1479,32533856,4040,32.06,20.65,-2
2015-05-19,2519,2608,2519,2575.1,2581.979737,28821,2129,74415238,5492,19.06,89,56.1
2015-05-18,2540,2547.7,2507,2520.6,2519.051696,10581,929,26654086,3360,31.76,40.7,-19.4
2015-05-15,2530,2552.2,2515.5,2528.4,2531.105549,14382,1197,36402360,3047,21.19,36.7,-1.6
2015-05-14,2503,2548,2483.2,2529.95,2528.047237,29553,2736,74711380,6866,23.23,64.8,26.95
2015-05-13,2474.2,2527.45,2474.2,2502.1,2505.29969,63589,6261,159309502,26376,41.48,53.25,27.9
2015-05-12,2399,2494.9,2385.15,2459.9,2455.566644,93332,6985,229182946,13358,14.31,109.75,60.9
2015-05-11,2345,2403.8,2311.4,2384.2,2375.865583,44466,3222,105645239,14273,32.1,92.4,39.2
2015-05-08,2305,2330,2252,2301.55,2284.080327,71719,11378,163811957,15039,20.97,78,-3.45
2015-05-07,2328,2371,2312.75,2354.1,2347.101904,100251,11313,235299313,46930,46.81,58.25,26.1
2015-05-06,2356,2356,2310,2325.95,2326.466497,39280,5490,91383604,17319,44.09,46,-30.05
2015-05-05,2389.55,2390,2340.65,2357.7,2360.136126,31794,3555,75038168,18261,57.44,49.35,-31.85
2015-05-04,2345,2397.95,2334.1,2386,2364.375967,22486,5260,53165358,5045,22.44,63.85,41
2015-04-30,2365.1,2365.1,2324.9,2329.45,2336.058633,155715,8425,363759370,114236,73.36,40.2,-35.65
2015-04-29,2357,2389.7,2340.6,2372.85,2368.397818,28415,5787,67298024,12384,43.58,49.1,15.85
2015-04-28,2303.6,2369.8,2302.1,2356.35,2356.156813,68725,5214,161926877,46998,68.39,67.7,52.75
2015-04-27,2351,2360,2298.45,2324.05,2313.800679,491955,4446,1138285813,464134,94.34,61.55,-26.95
2015-04-24,2385,2394,2325,2352.55,2371.937359,296547,5883,703390908,279727,94.33,69,-32.45
2015-04-23,2410,2426.95,2362,2372.55,2386.762549,25340,4710,60480563,7729,30.5,64.95,-37.45
2015-04-22,2348.45,2417.8,2341.35,2408.6,2381.276993,29452,5938,70133370,12769,43.36,76.45,60.15
2015-04-21,2349.9,2349.9,2294,2329.45,2321.600746,27341,5569,63474886,12437,45.49,55.9,-20.45
2015-04-20,2409.55,2426,2300,2314.7,2341.000148,40606,7625,95058652,17383,42.81,126,-94.85
2015-04-17,2430,2438.1,2383.2,2410.15,2408.418729,33007,5588,79494677,12730,38.57,54.9,-19.85
2015-04-16,2525,2525,2415,2428.85,2451.838615,67968,7555,166646567,33091,48.69,110,-96.15
2015-04-15,2581,2587.05,2505,2523.85,2553.522561,24711,4049,63100096,11942,48.33,82.05,-57.15
2015-04-13,2586,2595.45,2567.85,2580.65,2580.480039,26502,5398,68387882,16259,61.35,27.6,-5.35
2015-04-10,2629,2629,2575,2584.25,2597.544252,383091,9356,995095825,362916,94.73,54,-44.75
2015-04-09,2625,2631,2602.7,2610,2607.296064,84968,3541,221536732,70407,82.86,28.3,-15
2015-04-08,2657.7,2657.7,2600.15,2605.1,2619.596684,17128,2465,44868452,7651,44.67,57.55,-52.6
2015-04-07,2680,2680,2622.2,2640,2643.716468,11981,2224,31674367,2019,16.85,57.8,-40
2015-04-06,2655.5,2678,2634.35,2671.8,2659.981962,13860,2129,36867350,3488,25.17,43.65,16.3
2015-04-01,2633.9,2667.5,2629.2,2655.6,2650.324951,12128,2196,32143141,3469,28.6,38.3,21.7
2015-03-31,2643.55,2657.15,2620.1,2642.6,2641.546512,27434,2820,72468187,15110,55.08,37.05,-0.95
2015-03-30,2580,2662.25,2564.35,2636.55,2621.681739,22425,3570,58791213,7008,31.25,97.9,56.55
2015-03-27,2601.25,2601.25,2556.4,2576.75,2571.807985,27550,3787,70853310,14702,53.36,44.85,-24.5
2015-03-26,2599,2621.9,2577.4,2608.05,2606.353952,22472,4128,58569986,10355,46.08,44.5,9.05
2015-03-25,2623.7,2623.7,2590,2595.6,2597.131049,34445,2336,89458179,26347,76.49,33.7,-28.1
2015-03-24,2644,2645,2601,2607.8,2611.699725,44789,4170,116975419,30341,67.74,44,-36.2
2015-03-23,2610,2644.6,2604.25,2638,2625.181223,12057,2069,31651810,3491,28.95,40.35,28
2015-03-20,2665,2666,2605,2614.8,2628.681089,87896,4538,231050553,71409,81.24,61,-50.2
2015-03-19,2680,2698,2652.3,2665.05,2671.802954,30937,3634,82657568,14735,47.63,45.7,-14.95
2015-03-18,2653,2688.75,2640.05,2674.05,2675.936507,25546,5529,68359474,9646,37.76,48.7,21.05
2015-03-17,2648,2656.5,2634.8,2652.45,2649.526856,27461,2750,72758657,14744,53.69,21.7,4.45
2015-03-16,2615.25,2645,2600.75,2629.65,2620.559257,20774,2733,54439498,5771,27.78,44.25,14.4
2015-03-13,2660,2660,2604.05,2609.5,2620.981922,36951,4456,96847903,17837,48.27,55.95,-50.5
2015-03-12,2621,2647.45,2616.85,2642.65,2639.893255,166191,3883,438726500,153247,92.21,30.6,21.65
2015-03-11,2616,2624.2,2595,2617,2612.943332,29805,4440,77878776,12058,40.46,29.2,1
2015-03-10,2601,2626,2600,2620.55,2617.120133,44376,6743,116137323,19125,43.1,26,19.55
2015-03-09,2607.95,2607.95,2574,2599.65,2591.338078,21989,3426,56980933,7463,33.94,33.95,-8.3
2015-03-05,2629.4,2634,2591,2608.1,2604.674024,48976,6840,127566515,17834,36.41,43,-21.3
2015-03-04,2640,2675.45,2611,2621.4,2646.823955,54486,4899,144214850,31086,57.05,64.45,-18.6
2015-03-03,2626,2650,2600.05,2636.95,2629.906736,28146,4315,74021355,9741,34.61,49.95,10.95
2015-03-02,2687,2703.25,2616.4,2624.75,2637.889417,45016,5394,118747230,19550,43.43,86.85,-62.25
2015-02-28,2673.95,2699.4,2641.8,2682.65,2663.288939,33052,5092,88027026,7700,23.3,57.6,8.7
2015-02-27,2630,2679.6,2630,2670.35,2664.398226,70691,8184,188348975,41137,58.19,49.6,40.35
2015-02-26,2630.1,2633.65,2602.2,2625.65,2620.311591,44398,5191,116336594,21006,47.31,31.45,-4.45
2015-02-25,2670,2670,2615.1,2625.55,2634.697414,30745,4295,81003772,11883,38.65,54.9,-44.45
2015-02-24,2655.4,2670,2641,2651.2,2654.970265,41298,3678,109644962,18103,43.84,29,-4.2
2015-02-23,2660,2665,2630.15,2646.8,2645.409593,32713,5054,86539284,13632,41.67,34.85,-13.2
2015-02-20,2665,2682.5,2648,2659.85,2668.171548,62350,5955,166360496,33842,54.28,34.5,-5.15
2015-02-19,2677,2701.85,2651.1,2667.2,2675.568704,80497,9489,215375254,23804,29.57,50.75,-9.8
2015-02-18,2715,2748,2645.05,2663.45,2681.700558,906483,41653,2430915967,191831,21.16,102.95,-51.55
2015-02-16,2830,2859.9,2793.05,2806.25,2814.516852,19464,3857,54781756,7759,39.86,66.85,-23.75
2015-02-13,2845,2869.1,2814.8,2852.5,2842.520847,21154,3622,60130686,5677,26.84,54.3,7.5
2015-02-12,2760,2817,2760,2805.35,2799.680875,35074,5634,98196007,15651,44.62,57,45.35
2015-02-11,2724.35,2769,2700,2752.45,2736.43383,43464,5628,118936360,20095,46.23,69,28.1
2015-02-10,2714.15,2750,2690.25,2720.65,2714.005923,191966,9307,520996861,157883,82.25,59.75,6.5
2015-02-09,2767,2767,2705.2,2728.5,2726.910648,34851,5751,95035563,12711,36.47,61.8,-38.5
2015-02-06,2855,2855,2772.5,2779.5,2788.802749,66504,7463,185466538,28189,42.39,82.5,-75.5
2015-02-05,2829,2857.6,2825.25,2847.05,2844.596122,64782,4753,184278626,45596,70.38,32.35,18.05
2015-02-04,2780,2863,2753.85,2829.9,2794.563154,69418,8429,193992985,22104,31.84,109.15,49.9
2015-02-03,2848.65,2855.85,2793.6,2812.35,2813.564134,67234,6428,189167171,32176,47.86,62.25,-36.3
2015-02-02,2874.5,2889.4,2815,2834.4,2843.326794,23143,4160,65803112,7544,32.6,74.4,-40.1
2015-01-30,2889.85,2937,2860.05,2869.55,2905.296063,26214,5073,76159431,5833,22.25,76.95,-20.3
2015-01-29,2864.5,2889.6,2863.55,2875.4,2880.288189,15528,2533,44725115,5702,36.72,26.05,10.9
2015-01-28,2862.25,2895,2842.2,2865.45,2869.061804,19837,5358,56913579,8572,43.21,52.8,3.2
2015-01-27,2880,2880,2822.05,2856.7,2842.932852,17320,4549,49239597,7616,43.97,57.95,-23.3
2015-01-23,2844,2893.5,2844,2859.65,2866.434498,21549,4124,61768797,8364,38.81,49.5,15.65
2015-01-22,2920,2920,2815.6,2838.15,2855.0272,38052,6423,108639495,13533,35.56,104.4,-81.85
2015-01-21,2830,2895.75,2830,2876.5,2858.824562,35779,6760,102285884,17309,48.38,65.75,46.5
2015-01-20,2859,2860,2797.2,2827.7,2824.009401,38720,8281,109345644,19272,49.77,62.8,-31.3
2015-01-19,2900,2920.55,2835,2841.75,2865.565498,31963,6139,91592070,18489,57.85,85.55,-58.25
2015-01-16,2942,2954.75,2892,2896.85,2913.239994,32980,6813,96078655,18554,56.26,62.75,-45.15
2015-01-15,2915.05,2965,2915.05,2950.25,2945.425987,17524,2576,51615645,6266,35.76,49.95,35.2
2015-01-14,2882.55,2922,2882.55,2905.2,2898.807332,41818,6790,121222325,22478,53.75,39.45,22.65
2015-01-13,2925,2957.75,2887.25,2893.7,2913.775711,31553,6970,91938365,13311,42.19,70.5,-31.3
2015-01-12,2990.25,2990.25,2925.65,2936.2,2949.548797,22901,3979,67547617,9013,39.36,64.6,-54.05
2015-01-09,3000,3010,2968.55,2993.15,2991.347605,16513,3060,49396123,6163,37.32,41.45,-6.85
2015-01-08,2980,2998.65,2954.05,2984.45,2976.153514,28043,4622,83460273,11150,39.76,44.6,4.45
2015-01-07,3005,3019.8,2967.05,2977.1,2987.555679,16164,3841,48290850,3726,23.05,52.75,-27.9
2015-01-06,3100,3100,3001.05,3011.8,3043.406582,20237,4573,61589419,6800,33.6,98.95,-88.2
2015-01-05,3100,3149.2,3098.55,3118.65,3127.45254,29509,3586,92287997,8041,27.25,50.65,18.65
2015-01-02,3110,3117.8,3092.55,3097.75,3103.053846,9620,1976,29851378,2108,21.91,25.25,-12.25
2015-01-01,3100,3121.9,3081.6,3107.3,3101.60945,9228,1550,28621652,2482,26.9,40.3,7.3
